,Unnamed: 0,title,originallink,link,description,pubDate,bloggername,bloggerlink,postdate,type
0,0,조폐공사 작년부터 보안기능 강화된 새 주민증 서비스,https://www.news1.kr/articles/?4241099,https://news.naver.com/main/read.nhn?mode=LSD&mid=sec&sid1=102&oid=421&aid=0005222259,한국조폐공사는 지난 2020년 1월부터 육안으로도 위변조 여부를 쉽게 확인할 수 있도록 보안기능이 대폭 강화된 새 주민증을 국민들에게 서비스 중이라고 15일 밝혔다 새 주민증은 열과 충격에 강해 쉽게 훼손되지 ,"Mon, 15 Mar 2021 11:42:00 +0900",,,,news
1,1,조폐공사 주민등록증 보안기능 강화범죄 악용 원천 차단,http://www.etnews.com/20210315000139,https://news.naver.com/main/read.nhn?mode=LSD&mid=sec&sid1=102&oid=030&aid=0002933275,한국조폐공사는 국가 신분증인 주민등록증주민증 보안기능을 강화해 범죄 악용을 원천 차단했다고 15일 밝혔다 조폐공사에 따르면 최근 5년20152019년간 분실로 인한 주민증 재발급 건수는 무려 790만건에 달한다 ,"Mon, 15 Mar 2021 13:27:00 +0900",,,,news
2,2,조폐공사 보안기능 대폭 강화된 새 주민등록증 서비스 중,http://www.kukinews.com/newsView/kuk202103150443,http://www.kukinews.com/newsView/kuk202103150443,한국조폐공사사장 반장식 wwwkomscocom는 1999년 일제 갱신 이래 20년만인 지난해 1월부터 육안으로도 위변조 여부를 쉽게 확인할 수 있도록 보안기능이 대폭 강화된 새 주민등록증을 국민들에게 서비스중이라고 ,"Mon, 15 Mar 2021 23:49:00 +0900",,,,news
3,3,조폐공사 보안 기능 대폭 강화된 주민등록증 서비스 시행,http://www.cctoday.co.kr/news/articleView.html?idxno=2130648,http://www.cctoday.co.kr/news/articleView.html?idxno=2130648,한국조폐공사는 보안기능이 강화된 새 주민등록증 서비스를 시행 중이라고 15일 밝혔다이번 주민증은 육안으로도 위변조 여부를 쉽게 확인할 수 있고 열과 충격에 강해 쉽게 훼손되지 않는 플라스틱 재질로 ,"Mon, 15 Mar 2021 20:44:00 +0900",,,,news
4,4,조폐공사 보안 강화된 새 주민등록증 발급 시작,http://www.lawissue.co.kr/view.php?ud=202103152227433777f4ab64559d_12,http://www.lawissue.co.kr/view.php?ud=202103152227433777f4ab64559d_12,주민증 여권 등 국가 신분증을 제조하고 있는 한국조폐공사는 1999년 일제 갱신 이래 20년만인 지난 2020년 1월부터 육안으로도 위변조 여부를 쉽게 확인할 수 있도록 보안기능이 대폭 강화된 새 주민증을 국민들에게 ,"Mon, 15 Mar 2021 22:33:00 +0900",,,,news
5,5,조폐공사 위변조 피해 방지하는 새 주민증으로 교환하세요,http://www.cctvnews.co.kr/news/articleView.html?idxno=222377,http://www.cctvnews.co.kr/news/articleView.html?idxno=222377,주민증 여권 등 국가 신분증을 제조하고 있는 한국조폐공사는 작년 1월부터 육안으로도 위변조 여부를 쉽게 확인할 수 있도록 보안기능이 대폭 강화된 새 주민증을 국민들에게 서비스중이라고 강조했다 강화된 ,"Tue, 16 Mar 2021 13:34:00 +0900",,,,news
6,6,조폐공사 보안기능 대폭 강화 새 주민증 서비스,http://www.viva100.com/main/view.php?key=20210315010004035,http://www.viva100.com/main/view.php?key=20210315010004035,조폐공사 보안기능 대폭 강화 새 주민증 서비스 한국조폐공사는 지난 1999년 일제 갱신 이래 20년만인 올해 1월부터 육안으로도 위변조 여부를 쉽게 확인할 수 있도록 보안기능이 대폭 강화된 새 주민증을 국민들에게 ,"Mon, 15 Mar 2021 14:52:00 +0900",,,,news
7,7,조폐공사 보안 강화된 새 주민증으로 바꿔볼까,http://www.ccnnews.co.kr/news/articleView.html?idxno=211957,http://www.ccnnews.co.kr/news/articleView.html?idxno=211957,주민증 여권 등 국가 신분증을 제조하고 있는 한국조폐공사사장 반장식 wwwkomscocom는 1999년 일제 갱신 이래 20년만인 지난 2020년 1월부터 육안으로도 위변조 여부를 쉽게 확인할 수 있도록 보안기능이 대폭 ,"Mon, 15 Mar 2021 11:36:00 +0900",,,,news
8,8,조폐공사 보안기능 강화된 새 주민증 교체하세요,http://www.g-enews.com/ko-kr/news/article/news_all/202103151108506570620e02e8e3_1/article.html,http://www.g-enews.com/ko-kr/news/article/news_all/202103151108506570620e02e8e3_1/article.html,레이저 보안인쇄기술색변환 특수잉크돋움문자 적용 등 보안 강화 주민등록증 분실로 인한 재발급 건수가 최근 5년간 790만 건에 이르는 가운데 한국조폐공사가 보안이 강화된 새 주민증으로 교체할 것을 권고했다 ,"Mon, 15 Mar 2021 11:15:00 +0900",,,,news
9,9,조폐공사 보안 강화된 새 주민증 발급,https://www.asiatoday.co.kr/view.php?key=20210315010009118,https://www.asiatoday.co.kr/view.php?key=20210315010009118,레이저 보안인쇄기술색변환 특수잉크돋움문자 적용 한국조폐공사는 육안으로도 위변조 여부를 쉽게 확인할 수 있도록 보안기능이 대폭 강화된 새 주민등록증을 국민들에게 발급하고 있다고 15일 밝혔다 새 ,"Mon, 15 Mar 2021 15:48:00 +0900",,,,news
10,10,한국조폐공사 보안기능 대폭 강화 새 주민증 교체 권장,http://www.iminju.net/news/articleView.html?idxno=70965,http://www.iminju.net/news/articleView.html?idxno=70965,새 주민등록증 이미지 ⓒ 한국조폐공사 한국조폐공사는 1999년 일제 갱신 이래 20년만인 지난 2020년 1월부터 육안으로도 위변조 여부를 쉽게 확인할 수 있도록 보안기능이 대폭 강화된 새 주민증을 서비스 중이라며 ,"Mon, 15 Mar 2021 11:40:00 +0900",,,,news
11,11,조폐공사 새 주민등록증 나와교체 권고,http://www.wsobi.com/news/articleView.html?idxno=116100,http://www.wsobi.com/news/articleView.html?idxno=116100,한국조폐공사는 1999년 일제 갱신 이래 20년 만인 지난 2020년 1월부터 육안으로도 위변조 여부를 쉽게 확인할 수 있도록 보안기능이 대폭 강화된 새 주민증을 국민들에게 서비스중이라고 밝혔다 새 주민증은 열과 ,"Tue, 16 Mar 2021 09:40:00 +0900",,,,news
12,12,조폐공사 보안 강화한 새 주민등록증 만나보세요,http://www.joongdo.co.kr/web/view.php?key=20210315010006120,http://www.joongdo.co.kr/web/view.php?key=20210315010006120,한국조폐공사가 위변조 여부를 쉽게 확인할 수 있도록 보안 기능을 강화한 새 주민등록증을 국민에게 선보이고 있다 주민등록증 보안 강화는 지난해 1월에 도입했으며 1999년 이후 20년 만이다 새 주민증은 열과 ,"Mon, 15 Mar 2021 14:42:00 +0900",,,,news
13,13,조폐공사 화폐박물관 천사의 재능 메달 디자인전 개최,https://www.news1.kr/articles/?4237530,https://news.naver.com/main/read.nhn?mode=LSD&mid=sec&sid1=102&oid=421&aid=0005215564,한국조폐공사 화폐박물관대전 유성구 소재이 26일까지 특별전시실에서 서번트 증후군 아티스트의 천사의 재능 메달 디자인전을 개최한다 서번트 증후군Savant syndrome은 자폐증이나 지적장애를 가진 사람이 ,"Thu, 11 Mar 2021 11:04:00 +0900",,,,news
14,14,조폐공사 화폐박물관천사의 재능메달 디자인전,http://www.fnnews.com/news/202103111351582391,https://news.naver.com/main/read.nhn?mode=LSD&mid=sec&sid1=102&oid=014&aid=0004599212,한국조폐공사 화폐박물관대전 유성구은 오는 26일까지 특별전시실에서 서번트 증후군 아티스트의 천사의 재능 메달 디자인전을 개최한다고 11일 밝혔다 서번트 증후군Savant syndrome은 자폐증이나 지적장애를 ,"Thu, 11 Mar 2021 13:56:00 +0900",,,,news
15,15,조폐공사 비상경영체제 선언,https://www.hankyung.com/society/article/202103088023h,https://news.naver.com/main/read.nhn?mode=LSD&mid=sec&sid1=102&oid=015&aid=0004509682,한국조폐공사는 8일 대전 본사에서 경영전략회의를 열고 비상경영 체제를 선언했다 조폐공사가 이처럼 비상경영으로 돌아선 것은 지난해 영업적자가 발생한 데 따른 것이다 반장식 한국조폐공사 사장사진 가운데이 ,"Mon, 08 Mar 2021 13:27:00 +0900",,,,news
18,18,한국조폐공사 지난해 142억원 적자비상경영 선언,http://yna.kr/AKR20210308062400063?did=1195m,https://news.naver.com/main/read.nhn?mode=LSD&mid=sec&sid1=101&oid=001&aid=0012245781,코로나19 영향 여권 발급량 급감매출채권 회수 지연도 반장식 사장 경비 절감과 투자 조정 등 경영 합리화 추진 지난해 100억원대 영업적자를 본 한국조폐공사가 비상 경영 체제에 돌입했다 반장식 조폐공사 사장은 ,"Mon, 08 Mar 2021 11:04:00 +0900",,,,news
19,19,돈 공장 한국조폐공사도 비상경영체제 돌입,http://news.mk.co.kr/newsRead.php?no=220481&year=2021,https://news.naver.com/main/read.nhn?mode=LSD&mid=sec&sid1=101&oid=009&aid=0004759689,코로나19發 지난해 142억원 영업적자 반장식 사장 강도높은 경영혁신위기를 기회로 만들 터 돈 공장으로 불리는 한국조폐공사도 코로나19발 한파를 피해가진 못했다 반장식 조폐공사장은 8일 코로나19에 따른 ,"Mon, 08 Mar 2021 12:33:00 +0900",,,,news
22,22,영업적자 낸 조폐공사 비상경영 선언,https://www.hankyung.com/economy/article/202103088496i,https://news.naver.com/main/read.nhn?mode=LSD&mid=sec&sid1=101&oid=015&aid=0004509952,지난해 23년 만에 영업적자를 기록한 한국조폐공사가 비상경영 체제에 돌입했다 반장식 한국조폐공사 사장사진은 8일 대전 본사에서 위기극복 특별대책 경영전략 회의를 열고 미래 성장동력 발굴이 시급한 만큼 ,"Mon, 08 Mar 2021 17:54:00 +0900",,,,news
23,23,조폐공사 화폐박물관 천사의 재능 메달 디자인전,http://www.enewstoday.co.kr/news/articleView.html?idxno=1459535,http://www.enewstoday.co.kr/news/articleView.html?idxno=1459535,한국조폐공사 화폐박물관대전 유성구은 오는 26일까지 특별전시실에서 서번트 증후군 아티스트의 천사의 재능 메달 디자인전을 연다고 11일 밝혔다 사진한국조폐공사 한국조폐공사사장 반장식 화폐박물관 ,"Thu, 11 Mar 2021 17:55:00 +0900",,,,news
24,24,조폐공사 작년 142억 영업적자비상경영체제 돌입,http://news.kbs.co.kr/news/view.do?ncd=5133896&amp;ref=A,https://news.naver.com/main/read.nhn?mode=LSD&mid=sec&sid1=101&oid=056&aid=0011002507,한국 조폐공사가 비상경영 체제에 돌입했습니다 조폐공사는 지난해 매출액이 5천 317억 원으로 전년보다 13 늘었지만 142억 원의 영업적자가 발생했다며 경비절검과 투자 조정 등 경영합리화가 필요하다고 ,"Mon, 08 Mar 2021 19:46:00 +0900",,,,news
26,26,조폐공사 비상경영체제 선언매출 증가 불구 영업손익 적자,https://www.news1.kr/articles/?4233410,https://news.naver.com/main/read.nhn?mode=LSD&mid=sec&sid1=102&oid=421&aid=0005207715,한국조폐공사가 비상경영 체제에 돌입했다 반장식 사장은 8일 대전 본사에서 경영전략회의를 열고 코로나19 장기화에 따른 여권 발급 급감 등 경영여건 악화가 지속되고 있고 창립 70주년을 맞아 미래 성장동력 ,"Mon, 08 Mar 2021 10:28:00 +0900",,,,news
27,27,조폐공사 미래성장사업고도화 비상경영,https://view.asiae.co.kr/article/2021030810523878303,https://news.naver.com/main/read.nhn?mode=LSD&mid=sec&sid1=102&oid=277&aid=0004860827,한국조폐공사가 비상경영 체제로 미래성장 사업 발굴과 사업 고도화를 도모한다 8일 조폐공사에 따르면 지난해 조폐공사는 지난해 전체 매출액 5317억원을 기록해 전년대비 13 늘었지만 영업적자는 142억원 발생했다 ,"Mon, 08 Mar 2021 10:51:00 +0900",,,,news
28,28,한국조폐공사 비상경영 선언지난해 142억원 적자,http://www.sportsseoul.com/news/read/1020185?ref=naver,https://news.naver.com/main/read.nhn?mode=LSD&mid=sec&sid1=101&oid=468&aid=0000748769,제공  한국조폐공사 지난해 100억원대 영업적자를 본 한국조폐공사가 비상 경영 체제에 돌입했다 반장식 조폐공사 사장은 8일 대전 본사에서 연 위기극복 특별 대책 경영전략 회의에서 미래 성장동력 발굴이 시급한 ,"Mon, 08 Mar 2021 12:54:00 +0900",,,,news
30,30,조폐공사 혁신협업시민참여평가서 우수,http://www.fnnews.com/news/202103091044583265,https://news.naver.com/main/read.nhn?mode=LSD&mid=sec&sid1=102&oid=014&aid=0004597423,한국조폐공사는 기획재정부 주관 2020년도 공공기관 혁신협업시민참여 우수 과제 평가에서 혁신 부문 우수과제로 선정됐다고 9일 밝혔다 선정된 과제는 발달장애 디자이너와 함께 하는 신규 사업으로 사회적 ,"Tue, 09 Mar 2021 10:53:00 +0900",,,,news
31,31,조폐공사 비상경영 선언작년 142억 원 영업적자,http://www.busan.com/view/busan/view.php?code=2021030811222611264,https://news.naver.com/main/read.nhn?mode=LSD&mid=sec&sid1=101&oid=082&aid=0001073209,한국조폐공사는 8일 대전 본사에서 경영전략회의를 열고 비상경영 체제를 선언했다 지난해 영업적자가 발생한 데 따른 것이다가운데 반장식 사장 조폐공사 제공 지난해 100억원 대 영업적자를 본 한국조폐공사가 비상 ,"Mon, 08 Mar 2021 20:42:00 +0900",,,,news
32,32,조폐공사 화폐박물관 천사의 재능 메달 디자인전 열어,http://www.shinailbo.co.kr/news/articleView.html?idxno=1386613,http://www.shinailbo.co.kr/news/articleView.html?idxno=1386613,한국조폐공사 화폐박물관이 오는 26일까지 특별전시실에서 서번트 증후군 아티스트의 천사의 재능 메달 디자인전을 개최한다고 11일 밝혔다 서번트 증후군은 자폐증이나 지적장애를 가진 사람이 기억과 음악 미술 등 ,"Thu, 11 Mar 2021 14:28:00 +0900",,,,news
33,33,조폐공사 천사의 재능 메달 디자인전,http://www.cctoday.co.kr/news/articleView.html?idxno=2130107,http://www.cctoday.co.kr/news/articleView.html?idxno=2130107,한국조폐공사는 서번트 증후군 아티스트의 천사의 재능 메달 디자인전을 개최한다고 11일 밝혔다 오는 26일까지 화폐박물관대전 유성구 소재 특별전시실에서 열리는 이번 전시회는 조폐공사가 발달장애인의 ,"Thu, 11 Mar 2021 20:12:00 +0900",,,,news
34,34,한국조폐공사 비상경영체제 선언,http://www.gukjenews.com/news/articleView.html?idxno=2176081,http://www.gukjenews.com/news/articleView.html?idxno=2176081,한국조폐공사 반장식 사장이 8일 본사에서 위기 극복을 위한 특별 대책 회의를 주재하고 있다  한국조폐공사사장 반장식가 비상경영 체제에 돌입했다고 8일 밝혔다 반장식 사장은 대전 본사에서 경영전략회의를 ,"Mon, 08 Mar 2021 11:12:00 +0900",,,,news
37,37,조폐공사 정부 우수과제 평가서 혁신부문 우수 획득,https://www.news1.kr/articles/?4234683,https://news.naver.com/main/read.nhn?mode=LSD&mid=sec&sid1=102&oid=421&aid=0005210135,한국조폐공사는 기획재정부 주관 2020년도 공공기관 혁신협업시민참여 우수 과제 평가에서 혁신 부문 우수과제로 선정됐다고 9일 밝혔다 선정된 과제는 발달장애 디자이너와 함께 하는 신규 사업으로 ,"Tue, 09 Mar 2021 10:11:00 +0900",,,,news
39,39,반장식 조폐공사 사장 비상경영 선언여권발급 급감에 손익,http://www.newsis.com/view/?id=NISX20210308_0001362440&cID=10807&pID=10800,https://news.naver.com/main/read.nhn?mode=LSD&mid=sec&sid1=102&oid=003&aid=0010380554,한국조폐공사가 비상경영 체제에 돌입했다 조폐공사 반장식 사장은 8일 대전 본사에서 경영전략회의를 열고 코로나19 장기화에 따른 여권발급 급감 등 경영여건 악화가 지속되는 가운데 창립 70주년을 맞아 미래 ,"Mon, 08 Mar 2021 11:12:00 +0900",,,,news
40,40,조폐공사 지난해 142억 영업적자비상경영 체제 돌입,http://www.etnews.com/20210308000074,https://news.naver.com/main/read.nhn?mode=LSD&mid=sec&sid1=102&oid=030&aid=0002932005,한국조폐공사사장 반장식는 코로나19 장기화에 따른 여권 발급 급감 등 경영여건 악화로 비상경영 체제에 돌입한다고 8일 밝혔다 이날 대전 본사에서 경영전략회의를 열고 미래성장 인적자원HR 사업고도화 불리온 ,"Mon, 08 Mar 2021 11:12:00 +0900",,,,news
42,42,조폐공사 영업적자 142억비상경영 체제 돌입,https://www.dailian.co.kr/news/view/970206/?sc=Naver,https://news.naver.com/main/read.nhn?mode=LSD&mid=sec&sid1=101&oid=119&aid=0002473860,한국조폐공사가 비상경영 체제에 돌입했다 반장식 조폐공사 사장은 8일 대전 본사에서 경영전략회의를 열고 신종 코로나바이러스 감염증이하 코로나19 장기화에 따른 여권 발급 급감 등 경영여건 악화가 지속되고 ,"Mon, 08 Mar 2021 10:34:00 +0900",,,,news
44,44,조폐공사 공공기관 혁신 우수 과제 선정,https://www.dailian.co.kr/news/view/970569/?sc=Naver,https://news.naver.com/main/read.nhn?mode=LSD&mid=sec&sid1=101&oid=119&aid=0002474191,한국조폐공사는 기획재정부 주관 2020년도 공공기관 혁신협업시민참여 우수 과제 평가에서 혁신 부문 우수과제로 선정됐다고 9일 밝혔다 선정된 과제는 발달장애 디자이너와 함께 하는 신규 사업으로 사회적 가치 ,"Tue, 09 Mar 2021 10:35:00 +0900",,,,news
47,47,조폐공사 비상경영체제 선언6개 비상경영 TF 가동,http://www.kukinews.com/newsView/kuk202103080390,http://www.kukinews.com/newsView/kuk202103080390,한국조폐공사사장 반장식 wwwkomscocom 반장식 사장은 8일 대전 본사에서 경영전략회의를 열고 미래 성장동력 발굴이 시급하다며 비상경영을 선언했다 조폐공사가 이처럼 비상경영 체제로 돌아선 것은 코로나19 ,"Mon, 08 Mar 2021 21:24:00 +0900",,,,news
49,49,영업익 적자 충격 조폐공사반장식 사장 비상경영체제 선포,http://www.inews24.com/view/1348159,https://news.naver.com/main/read.nhn?mode=LSD&mid=sec&sid1=101&oid=031&aid=0000587063,한국조폐공사는 미래 성장 동력 발굴을 위한 비상경영체제에 돌입한다고 8일 밝혔다 반장식 한국조폐공사 사장은 이날 대전 본사에서 경영전략회의를 열고 코로나19 장기화에 따른 여권 발급 급감 등 경영 여건 악화가 ,"Mon, 08 Mar 2021 13:41:00 +0900",,,,news
51,51,조폐공사 작년 영업적자에 비상경영 선언,http://www.shinailbo.co.kr/news/articleView.html?idxno=1385008,http://www.shinailbo.co.kr/news/articleView.html?idxno=1385008,한국조폐공사가 비상경영 체제에 돌입했다고 8일 밝혔다 반장식 조폐공사 사장은 이날 대전 조폐공사 본사에서 경영전략회의를 열고 비상경영을 선언했다 코로나19 장기화에 따른 여권 발급 급감 등 경영여건 ,"Mon, 08 Mar 2021 18:13:00 +0900",,,,news
52,52,한국조폐공사 비상경영 체제 돌입,http://www.daejonilbo.com/news/newsitem.asp?pk_no=1461467,http://www.daejonilbo.com/news/newsitem.asp?pk_no=1461467,한국조폐공사가 비상경영 체제에 돌입했다 8일 조폐공사에 따르면 코로나19 장기화에 따른 여권 발급 급감 등 경영여건 악화가 지속되며 비상경영이 선언됐다 조폐공사의 비상경영은 지난해 매출액이 5317억 원으로 ,"Mon, 08 Mar 2021 16:57:00 +0900",,,,news
53,53,조폐공사 기재부 주관 2020 공공기관 혁신 우수과제 선정,http://www.cctoday.co.kr/news/articleView.html?idxno=2129364,http://www.cctoday.co.kr/news/articleView.html?idxno=2129364,한국조폐공사는 기획재정부 주관 2020년도 공공기관 혁신협업시민참여 우수 과제 평가에서 혁신 부문 우수과제로 선정됐다고 9일 밝혔다선정된 과제는 발달장애 디자이너와 함께 하는 신규 사업으로 사회적 ,"Tue, 09 Mar 2021 18:03:00 +0900",,,,news
55,55,조폐공사 지난해 142억 원 적자비상경영체제 돌입,http://www.tjb.co.kr/sub0301/bodo/view/id/48270,http://www.tjb.co.kr/sub0301/bodo/view/id/48270,한국조폐공사가 지난해 100억 원대 영업적자를 기록함에 따라 이달부터 비상 경영 체제에 돌입했습니다 조폐공사는 지난해 매출액이 5천 3백17억원으로 전년보다 13 늘었으나 영업적자 142억 원을 기록했다고 ,"Mon, 08 Mar 2021 21:06:00 +0900",,,,news
56,56,조폐공사 스위스 면펄프 공급잇단 수주 쾌거,https://www.theguru.co.kr/news/article.html?no=19623,https://www.theguru.co.kr/news/article.html?no=19623,1113t 수주이사회 통과  한국조폐공사가 스위스 L사로부터 1000t이 넘는 면펄프를 수주하는 쾌거를 올렸다 전방위적으로 수출을 확대하고 흑자 행진을 이어간다 14일 업계에 따르면 조폐공사는 지난 1월 26일 ,"Sun, 14 Mar 2021 06:39:00 +0900",,,,news
57,57,조폐공사 지난해 142억원 적자비상경영체제 돌입,http://www.tjb.co.kr/sub0301/bodo/view/id/48252,http://www.tjb.co.kr/sub0301/bodo/view/id/48252,한국조폐공사가 지난해 100억 원대 영업적자를 기록함에 따라 이달부터 비상 경영 체제에 돌입했습니다 조폐공사는 지난해 매출액이 5천 3백17억원으로 전년보다 13 늘었으나 영업적자 142억 원을 기록했다고 ,"Mon, 08 Mar 2021 18:07:00 +0900",,,,news
58,58,조폐공사 비상경영체제 선언지난해 매출 증가 불구 영업손익 적자전환,http://news.heraldcorp.com/view.php?ud=20210308000704,https://news.naver.com/main/read.nhn?mode=LSD&mid=sec&sid1=101&oid=016&aid=0001803502,한국조폐공사사장 반장식가 비상경영 체제에 돌입했다 지난해 매출액이 5317억원으로 전년보다 13 늘었지만 142억원의 영업적자가 발생한 데 따른 것이다 반장식 조폐공사 사장은 8일 대전 본사에서 ,"Mon, 08 Mar 2021 11:43:00 +0900",,,,news
59,59,조폐공사 코로나19 장기화 따른 비상경영체제 돌입,http://www.ekoreanews.co.kr/news/articleView.html?idxno=49170,http://www.ekoreanews.co.kr/news/articleView.html?idxno=49170,사진한국조폐공사 제공 한국조폐공사가 비상경영 체제에 돌입했다 반장식 사장은 8일 대전 본사에서 경영전략회의를 열고 코로나19 장기화에 따른 여권 발급 급감 등 경영여건 악화가 지속되고 있으며 창립 70주년을 ,"Mon, 08 Mar 2021 11:43:00 +0900",,,,news
60,60,한국조폐공사 화폐박물관 천사의 재능 메달 디자인전 개최,http://www.iminju.net/news/articleView.html?idxno=70899,http://www.iminju.net/news/articleView.html?idxno=70899,천사의 재능 메달 디자인전 포스터 ⓒ 한국조폐공사 한국조폐공사는 오는 26일까지 대전시 유성구 화폐박물관 특별전시실에서 서번트 증후군Savant Syndrome 아티스트의 천사의 재능 메달 디자인전을 개최한다고 ,"Thu, 11 Mar 2021 11:40:00 +0900",,,,news
61,61,조폐공사 화폐박물관 천사의 재능 메달 디자인전개최,http://www.thepublic.kr/news/newsview.php?ncode=1065580689585463,http://www.thepublic.kr/news/newsview.php?ncode=1065580689585463,한국조폐공사 화폐박물관은 오는 26일까지 특별전시실에서 서번트 증후군 아티스트의 천사의 재능 메달 디자인전을 개최한다고 이날 밝혔다 서번트 증후군은 자폐증이나 지적장애를 가진 사람이 기억 음악 미술 ,"Thu, 11 Mar 2021 13:40:00 +0900",,,,news
62,62,조폐공사 코로나 19 경영악화 극복 위해 비상경영체제 선언,http://news.mt.co.kr/mtview.php?no=2021030810533043174,https://news.naver.com/main/read.nhn?mode=LSD&mid=sec&sid1=102&oid=008&aid=0004553639,지난해 매출 증가 불구 영업손익 142억 적자로 전환 미래성장사업 고도화 등 6개 비상경영 TF 가동 한국조폐공사가 지난해 코로나 19 여파로 여권발급 등이 크게 감소하는 등 경영이 악화되면서 비상경영 체제에 ,"Mon, 08 Mar 2021 11:29:00 +0900",,,,news
65,65,조폐공사 혁신협업시민참여 평가서우수 획득,http://www.chungnamilbo.co.kr/news/articleView.html?idxno=589474,http://www.chungnamilbo.co.kr/news/articleView.html?idxno=589474,한국조폐공사는 기획재정부 주관 2020년도 공공기관 혁신협업시민참여 우수 과제 평가에서 혁신 부문 우수과제로 선정됐다 9일 조폐공사에 따르면 선정된 과제는 발달장애 디자이너와 함께 하는 신규 사업으로 ,"Tue, 09 Mar 2021 15:30:00 +0900",,,,news
66,66,조폐공사 2020 공공기관 우수과제 평가서 혁신부문 우수,http://www.ekoreanews.co.kr/news/articleView.html?idxno=49201,http://www.ekoreanews.co.kr/news/articleView.html?idxno=49201,이미지한국조폐공사 제공 한국조폐공사는 기획재정부 주관 2020년도 공공기관 혁신협업시민참여 우수 과제 평가에서 혁신 부문 우수과제로 선정됐다고 9일 밝혔다 선정된 과제는 발달장애 디자이너와 함께 ,"Tue, 09 Mar 2021 11:13:00 +0900",,,,news
67,67,한국조폐공사 비상경영체제 돌입,http://www.iminju.net/news/articleView.html?idxno=70801,http://www.iminju.net/news/articleView.html?idxno=70801,한국조폐공사 비상경영 TF 구성 및 임무 ⓒ 한국조폐공사 한국조폐공사가 비상경영체제에 돌입했다고 8일 밝혔다 이날 대전 한국조폐공사 본사에서 반장식 사장은 경영전략회의를 열고 코로나19 장기화에 따른 여권 ,"Mon, 08 Mar 2021 12:48:00 +0900",,,,news
68,68,조폐공사 비상경영체제 들어가 반장식 경영혁신으로 위기 극복,http://www.businesspost.co.kr/BP?command=article_view&num=220668,http://www.businesspost.co.kr/BP?command=article_view&num=220668,한국조폐공사가 비상경영체제에 들어갔다 반장식 한국조폐공사 사장은 8일 대전에 위치한 조폐공사 본사에서 경영전략회의를 열고 비상경영체제를 선언했다고 조폐공사가 전했다 반장식 한국조폐공사 사장이 8일 ,"Mon, 08 Mar 2021 18:01:00 +0900",,,,news
69,69,조폐공사 정부혁신협업시민참여 우수과제 평가서 혁신부문 우수,http://www.kukinews.com/newsView/kuk202103090414,http://www.kukinews.com/newsView/kuk202103090414,한국조폐공사사장 반장식 wwwkomscocom는 기획재정부 주관 2020년도 공공기관 혁신협업시민참여 우수 과제 평가 혁신 부문 우수과제로 조폐공사 사업이 선정됐다고 9일 밝혔다 선정된 과제는 발달장애 ,"Tue, 09 Mar 2021 23:53:00 +0900",,,,news
70,70,조폐공사 코로나에 영업손익 적자 비상경영 체제 돌입,http://www.chungnamilbo.co.kr/news/articleView.html?idxno=589244,http://www.chungnamilbo.co.kr/news/articleView.html?idxno=589244, 한국조폐공사가 비상경영 체제에 돌입했다 반장식 사장은 8일 대전 본사에서 경영전략회의를 열고 코로나19 장기화에 따른 여권 발급 급감 등 경영 여건 악화가 지속되고 있으며 창립 70주년을 맞아 미래 성장동력 ,"Mon, 08 Mar 2021 15:15:00 +0900",,,,news
71,71,조폐공사 정부혁신협업시민참여 우수과제 평가서 혁신부문우수획득,http://www.gukjenews.com/news/articleView.html?idxno=2176953,http://www.gukjenews.com/news/articleView.html?idxno=2176953, 한국조폐공사사장 반장식는 기획재정부 주관 2020년도 공공기관 혁신협업시민참여 우수 과제 평가에서 혁신 부문 우수과제로 선정됐다고 9일 밝혔다 선정된 과제는 발달장애 디자이너와 함께 하는 신규 ,"Tue, 09 Mar 2021 11:50:00 +0900",,,,news
72,72,조폐공사 정부 혁신협업시민참여 우수과제 평가서 혁신부문 우수,http://www.viva100.com/main/view.php?key=20210309010002532,http://www.viva100.com/main/view.php?key=20210309010002532,조폐공사 정부 혁신협업시민참여 우수과제 평가서 혁신부문 우수 한국조폐공사는 기획재정부 주관 2020년도 공공기관 혁신협업시민참여 우수 과제 평가에서 혁신 부문 우수과제로 선정됐다고 9일 밝혔다 ,"Tue, 09 Mar 2021 18:02:00 +0900",,,,news
74,74,조폐공사 정부 혁신협업시민참여 우수과제 평가서 혁신부문 우수 획,http://www.lawissue.co.kr/view.php?ud=202103092224237936f4ab64559d_12,http://www.lawissue.co.kr/view.php?ud=202103092224237936f4ab64559d_12,한국조폐공사는 기획재정부 주관 2020년도 공공기관 혁신협업시민참여 우수 과제 평가에서 혁신 부문 우수과제로 선정됐다고 9일 밝혔다 선정된 과제는 발달장애 디자이너와 함께 하는 신규 사업으로 ,"Tue, 09 Mar 2021 22:27:00 +0900",,,,news
75,75,조폐공사 신사업도 한계 보여 위기 반장식 성장동력 마련 발등에 불,http://www.businesspost.co.kr/BP?command=article_view&num=221280,http://www.businesspost.co.kr/BP?command=article_view&num=221280,반장식 한국조폐공사 사장이 위기에 놓인 조폐공사를 구하기 위한 새 성장동력 찾기에 나섰다 조폐공사는 그동안 화폐제조 감소에 따른 실적 악화를 여권 발급 메달 판매 모바일 지역상품권 발행 등으로 방어해 ,"Thu, 11 Mar 2021 18:54:00 +0900",,,,news
76,76,조폐공사 정부 혁신협업시민참여 우수과제 평가서 우수 획득,http://www.busan.com/view/busan/view.php?code=2021031005434775916,https://news.naver.com/main/read.nhn?mode=LSD&mid=sec&sid1=101&oid=082&aid=0001073590,한국조폐공사가 기획재정부 주관 2020년도 공공기관 혁신협업시민참여 우수 과제 평가에서 혁신 부문 우수 과제로 선정됐다 수상 과제는 발달장애 디자이너와 함께 하는 신규 사업으로 사회적 가치 실현 ,"Wed, 10 Mar 2021 05:57:00 +0900",,,,news
77,77,위기 극복 대책 회의 주재하는 반장식 조폐공사 사장,http://yna.kr/PYH20210308065800063?did=1196m,https://news.naver.com/main/read.nhn?mode=LSD&mid=sec&sid1=101&oid=001&aid=0012245920,반장식 조폐공사 사장가운데이 8일 대전 본사에서 열린 위기 극복 특별 대책 경영전략 회의를 주재하고 있다 202138 한국조폐공사 제공 재판매 및 DB 금지,"Mon, 08 Mar 2021 11:33:00 +0900",,,,news
78,78,조폐공사 비상경영체제 선언6개 TF 가동,https://www.ekn.kr/web/view.php?key=20210308010001403,https://www.ekn.kr/web/view.php?key=20210308010001403,한국조폐공사가 비상경영 체제에 돌입했다 반장식 조폐공사 사장은 8일 대전 본사에서 경영전략회의를 열고 신종 코로나바이러스 감염증코로나19 장기화에 따른 여권 발급 급감 등 경영여건 악화가 지속되고 있으며 ,"Mon, 08 Mar 2021 10:50:00 +0900",,,,news
79,79,조폐공사 정부 우수과제평가 혁신부문 우수,http://www.cctimes.kr/news/articleView.html?idxno=648772,http://www.cctimes.kr/news/articleView.html?idxno=648772,한국조폐공사가 기획재정부 주관 공공기관 혁신협업시민참여 우수 과제 평가에서 혁신부문 우수과제로 선정됐다 선정된 과제는 발달장애 디자이너와 함께 하는 신규 사업으로 사회적 가치 실현 으로 발달장애인의 ,"Tue, 09 Mar 2021 20:38:00 +0900",,,,news
80,80,코로나 직격타 맞은 조폐공사 비상경영 선언142억원 적자,https://www.tfmedia.co.kr/news/article.html?no=101239,https://www.tfmedia.co.kr/news/article.html?no=101239,반장식 사장 강도높은 경영혁신위기를 기회로 만들어야 한국조폐공사가 지난해 100억원대 영업적자를 보면서 결국 비상 경영 체제를 선언했다 8일 반장식 조폐공사 사장은 대전 본사에서 개최된 연 위기극복 ,"Mon, 08 Mar 2021 15:29:00 +0900",,,,news
81,81,한국조폐공사비상경영체제 돌입,http://www.breaknews.com/790639,http://www.breaknews.com/790639,▲ 한국조폐공사 ©김정환 기자 한국조폐공사가 비상경영 체제에 돌입했다고 밝혔다 반장식 사장은 8일 대전 본사에서 경영전략회의를 열고 코로나19 장기화에 ,"Tue, 09 Mar 2021 07:25:00 +0900",,,,news
82,82,조폐공사 정부혁신협업시민참여 우수과제 평가서 혁신부문 우수 획득,http://www.ccnnews.co.kr/news/articleView.html?idxno=211285,http://www.ccnnews.co.kr/news/articleView.html?idxno=211285,한국조폐공사사장 반장식 wwwkomscocom는 기획재정부 주관 2020년도 공공기관 혁신협업시민참여 우수 과제 평가에서 혁신 부문 우수과제로 선정됐다고 9일 밝혔다 발달장애인 디자이너가 참여한 카드형 십이지 ,"Tue, 09 Mar 2021 11:20:00 +0900",,,,news
83,83,조폐공사한국의 국립공원 기념주화 공개추첨,https://www.news1.kr/articles/?4228897,https://news.naver.com/main/read.nhn?mode=LSD&mid=sec&sid1=102&oid=421&aid=0005199222,한국조폐공사가 3일 대전 본사에서 2021 한국의 국립공원소백산 태백산 다도해해상 주왕산 기념주화 공개 추첨 행사를 가졌다 이날 공개 추첨은 지난달 2일부터 23일까지 NH농협은행과 우리은행 전국 지점 및 ,"Wed, 03 Mar 2021 13:27:00 +0900",,,,news
86,86,반장식 조폐공사 사장 비상경영 카드 통할까,http://www.sisaweek.com/news/articleView.html?idxno=142347,http://www.sisaweek.com/news/articleView.html?idxno=142347,반장식 한국조폐공사 사장이 취임 한 달여 만에 비상경영을 선언해 주목을 끌고 있다 한국조폐공사 시사위크이미정 기자  반장식 한국조폐공사 사장이 취임 한 달여 만에 비상경영 카드를 꺼내들었다 지난해 ,"Wed, 10 Mar 2021 17:12:00 +0900",,,,news
87,87,조폐공사한국의 국립공원 기념주화공개추첨,http://www.fnnews.com/news/202103031308349135,https://news.naver.com/main/read.nhn?mode=LSD&mid=sec&sid1=102&oid=014&aid=0004594070,한국조폐공사는 3일 대전 본사에서 2021 한국의 국립공원소백산태백산다도해해상주왕산 기념주화 공개 추첨 행사를 가졌다 이날 공개 추첨은 지난달 223일까지 NH농협은행과 우리은행 전국 지점 및 인터넷 ,"Wed, 03 Mar 2021 15:25:00 +0900",,,,news
88,88,한국조폐공사 발달장애인 디자이너 아트메달 사업 우수성 인정,https://www.eroun.net/news/articleView.html?idxno=23479,https://www.eroun.net/news/articleView.html?idxno=23479,조폐공사는 발달장애인의 작품을 아트메달 디자인에 적용해 장애인의 사회적자립과 일자리를 지원했다제공한국조폐공사 한국조폐공사사장 반장식가 기획재정부 주관 2020년도 공공기관 혁신협업시민참여 우수 ,"Thu, 11 Mar 2021 10:55:00 +0900",,,,news
89,89,조폐공사 한국의 국립공원 기념주화 공개추첨  ,http://www.busan.com/view/busan/view.php?code=2021030314271332061,https://news.naver.com/main/read.nhn?mode=LSD&mid=sec&sid1=101&oid=082&aid=0001071890,한국조폐공사는 3일 대전 본사에서 2021 한국의 국립공원 기념주화 공개 추첨 행사를 가졌다 오른쪽부터 조폐공사 류병옥 사업처장 강병욱 사업이사 한국은행 이정욱 발권국장 이태검 발권과장 ,"Wed, 03 Mar 2021 14:53:00 +0900",,,,news
90,90,한국조폐공사 정부 주관 혁신협업시민참여 우수과제 평가서 혁신부문 ,http://www.iminju.net/news/articleView.html?idxno=70826,http://www.iminju.net/news/articleView.html?idxno=70826,발달장애인 디자이너가 참여한 카드형 십이지 메달 앞뒷면왼쪽부터 ⓒ 한국조폐공사 한국조폐공사는 기획재정부 주관 2020년도 공공기관 혁신협업시민참여 우수 과제 평가에서 혁신부문 우수과제로 ,"Tue, 09 Mar 2021 10:34:00 +0900",,,,news
91,91,조폐공사 국립공원 기념주화 공개 추첨발행량 초과 예약접수,http://www.newsis.com/view/?id=NISX20210303_0001357885&cID=10807&pID=10800,https://news.naver.com/main/read.nhn?mode=LSD&mid=sec&sid1=102&oid=003&aid=0010373692,한국조폐공사는 3일 대전 본사에서 2021 한국의 국립공원소백산태백산다도해해상주왕산 기념주화 공개 추첨 행사를 가졌다 공개 추첨은 지난달 2일부터 23일까지 진행한 구매예약 접수결과 2종 세트 및 ,"Wed, 03 Mar 2021 17:04:00 +0900",,,,news
92,92,조폐공사 여권사업 부진으로 1년새 적자전환체질개선 시급,http://www.ceoscoredaily.com/news/article.html?no=79490,http://www.ceoscoredaily.com/news/article.html?no=79490,한국조폐공사가 지난해 신종 코로나바이러스 감염증코로나19 확산에 따른 여권사업 부진 여파로 1년 만에 적자 전환했다 여권 주화 등 특정 사업군의 매출이 압도적으로 높은 데다 코로나19 장기화로 ,"Thu, 11 Mar 2021 07:08:00 +0900",,,,news
94,94,조폐공사행안부와 모바일 운전면허증구축협약,http://www.fnnews.com/news/202103021008278677,https://news.naver.com/main/read.nhn?mode=LSD&mid=sec&sid1=102&oid=014&aid=0004592913,한국조폐공사는 2일 행정안전부와 모바일 운전면허증 서비스 구축 업무 위탁 협약을 맺었다고 밝혔다 협약은 코로나19 확산 방지를 위해 비대면서면 방식으로 이뤄졌다 정부가 추진중인 디지털 뉴딜 사업가운데 ,"Tue, 02 Mar 2021 10:13:00 +0900",,,,news
95,95,조폐공사 혁신협업시민참여 우수과제 평가 혁신부문 우수 획득,http://www.cctvnews.co.kr/news/articleView.html?idxno=222086,http://www.cctvnews.co.kr/news/articleView.html?idxno=222086,한국조폐공사는 기획재정부 주관 2020년도 공공기관 혁신협업시민참여 우수 과제 평가에서 혁신 부문 우수과제로 선정됐다고 10일 밝혔다 선정된 과제는 발달장애 디자이너와 함께 하는 신규 사업으로 사회적 ,"Wed, 10 Mar 2021 13:47:00 +0900",,,,news
96,96,코로나19 팬데믹 유탄 맞은 조폐공사만년 흑자 공기업도 흔들 ,http://www.sisajournal-e.com/news/articleView.html?idxno=229963,http://www.sisajournal-e.com/news/articleView.html?idxno=229963,한국조폐공사 본사 입구 전경  사진이승욱 시사저널e 기자  속칭 돈 찍어내는 공기업 한국조폐공사가 코로나19의 유탄을 맞아 휘청였다 만년 흑자 행진을 이어가던 조폐공사가 지난해 적자로 돌아선 것이다 ,"Tue, 09 Mar 2021 17:49:00 +0900",,,,news
97,97,한국조폐공사 한국의 국립공원 기념주화 공개추첨,http://www.gukjenews.com/news/articleView.html?idxno=2173375,http://www.gukjenews.com/news/articleView.html?idxno=2173375,한국조폐공사는 3일 대전 본사에서 2021 한국의 국립공원 기념주화 공개 추첨 행사를 가졌다 공개 추첨은 구매 예약 접수 결과 접수량이 발행량을 초과한 데 따른 것으로 당첨자는 오는 8일 발표될 예정이다 ,"Wed, 03 Mar 2021 16:49:00 +0900",,,,news
98,98,조폐공사 비상경영체제 선언미래성장 등 6개 비상경영 TF 가동,https://www.asiatoday.co.kr/view.php?key=20210308010004685,https://www.asiatoday.co.kr/view.php?key=20210308010004685,한국조폐공사가 비상경영 체제에 돌입했다반장식 조폐공사 사장은 8일 공사에서 경영전략회의를 열고 코로나19 장기화에 따른 여권 발급 급감 등 경영여건 악화가 지속되고 있으며 창립 70주년을 맞아 미래 성장 동력 ,"Mon, 08 Mar 2021 11:21:00 +0900",,,,news
99,99,조폐공사 한국의 국립공원 기념주화 공개 추첨,http://cc.newdaily.co.kr/site/data/html/2021/03/03/2021030300215.html,http://cc.newdaily.co.kr/site/data/html/2021/03/03/2021030300215.html,뉴데일리 김정원 기자  한국조폐공사는 3일 대전 본사에서 2021 한국의 국립공원소백산 태백산 다도해해상 주왕산 기념주화 공개 추첨 행사가 종료됨에 따라 오는 8일 당첨자를 발표한다 조폐공사에 따르면 ,"Wed, 03 Mar 2021 17:52:00 +0900",,,,news
100,0,2021  BEST 한국조폐공사 골드바,,https://blog.naver.com/hunnee11?Redirect=Log&logNo=222245610772,위해서 한국전쟁 혼란기에 섭 립되었습니다 한국조폐공사 골드 바는 완벽한 제품 생산을 위하여 명실상부한 골드바 중 최고의 공신력 있는 골드 바는 조폐공사 골드바 가 최고라고 자부할 수 ,,삼성무역금거래소,https://blog.naver.com/hunnee11,20210216.0,blog
101,1,사람나래 한국조폐공사 화폐박물관 amp 한국전자통신연구원 ,,https://blog.naver.com/mirae_saram?Redirect=Log&logNo=221758304792,한국조폐공사 화폐박물관19880622 개관은 경제활동 매개체인 화폐 및 관련된 사료를 발굴하여 연구전시함으로써 화폐문화 보존과 계승에 힘쓰고 있습니다 우리나라 최초의 화폐전문박물관인 조폐공사 ,,대한민국 인사혁신처,https://blog.naver.com/mirae_saram,20200103.0,blog
102,2,영상 한국조폐공사 2019 대국민 영상공모전 최우수상 ,,https://komsco.tistory.com/1458,있는 조폐공사의 모습을 인포그래픽으로 표현한 이번 수상작 지금 바로 만나보세요 🤩 제작 장진호 님 ⬇ 수상작 보러가기 ❣ 좋아요 공감 공유하기 글 요소 구독하기 한국조폐공사KOMSCO 블로그 ,,http://komsco.tistory.com/,http://komsco.tistory.com/,20210308.0,blog
103,3,한국조폐공사에 납품하는 소재 업체  나노씨엠에스,,https://blog.naver.com/tenbagger777?Redirect=Log&logNo=222264007126,위조방지 관련 소재 업체로 한국조폐공사에 납품하고 있습니다 2003년에 설립하였습니다 주요 연혁입니다 한국조폐공사 납품을 시작으로 최근 해외진출에 주력하고 있습니다 주요제품과 보안 기술입니다 ,,투자도깨비,https://blog.naver.com/tenbagger777,20210304.0,blog
104,4,2021년 한국조폐공사 신입직원 60명 채용 예정여자직원 ,,https://blog.naver.com/tradepeople?Redirect=Log&logNo=222216453669,2021년 한국조폐공사 신입직원 60명 채용 예정 ▶채용전형예정 일반정규직 54명 내외4월 고졸채용 구조폐창에서담당하며 충청남도 부여군에 은행권 등에 쓰이는 특수 보안 용지를 생산하는 제지 ,,취크루트,https://blog.naver.com/tradepeople,20210123.0,blog
105,5,한국조폐공사 박항서 감독 기념메달 선보여,,https://blog.naver.com/africaphoto?Redirect=Log&logNo=222230296957,행사에는 박항서 감독 응우옌 부 뚱 주한 베트남 대사 조용만 한국조폐공사 사장 등이 참석한다 조폐공사는 한국을 넘어 베트남에서 축구로 국민 영웅이 된 박 감독의 업적을 기리는 차원에서 기념 메달 ,,www.Africaphoto.net,https://blog.naver.com/africaphoto,20210203.0,blog
106,6,한국조폐공사 정부 비정규직 정책 역행14년간 불법적 ,,https://blog.naver.com/nkj1966?Redirect=Log&logNo=222213478952,18일 한국조폐공사 노동자들의 부당해고를 두고 노동계가 본사 정문 앞에서 기자회견을 열었다 뿐만 아니라 조폐공사는 지난해 8월 말 이 같은 문제제기를 하는 노동자 A씨를 해고했다 9월 18일로 계약기간 ,,골드미디어,https://blog.naver.com/nkj1966,20210120.0,blog
107,7,한국조폐공사 채용 연봉정보와 자소서 작성방법 알고가세요,,https://blog.naver.com/kil8853?Redirect=Log&logNo=221487530315,기업정보 한국조폐공사는 화폐  국채  수입인지  기타 증권과 유가증권 용지 및 정부가 지정한 목적에 사용할 특수용지 등을 제조하여 국내외에 공급하는 종합조폐기관으로 기획재정부 산하 준시장형 ,,취업의신 블로그,https://blog.naver.com/kil8853,20190313.0,blog
108,8,대내외 활동  LINC현장실습  LINC현장실습 한국조폐공사 ,,https://blog.naver.com/ihannam?Redirect=Log&logNo=222219854265,현장실습 장소는 바로 한국조폐공사인데요 조폐공사에 관심이 있었던 분들에게 좋은 기회인 것 같아요 그럼 소식 바로 보러 가볼까요 2021학년도 1학기 LINC장기현장실습 ,,"대전 · 충청 1등 사립대학, 한남대학교 공식블로그",https://blog.naver.com/ihannam,20210125.0,blog
109,9,한국조폐공사 화폐박물관 자동심장충격기 설치사례,,https://blog.naver.com/nanoomtech4?Redirect=Log&logNo=222107064346,우리나라 최초의 화폐전문박물관 한국조폐공사 화폐박물관내 자동심장충격기를 설치했습니다 화페박물관 소개 한국조폐공사 화폐박물관은 경제활동 매개체인 화폐 및 관련된 사료를 발굴하여 연구 및 ,,(주)나눔테크 생명 by 나눔,https://blog.naver.com/nanoomtech4,20201005.0,blog
110,10,2019년 한국조폐공사 채용형인턴 채용 면접 정보,,https://blog.naver.com/summit1031?Redirect=Log&logNo=221487318421,한국조폐공사는 화폐국채수입인지기타 증권과 유가증권 용지 및 정부가 지정한 목적에 사용할 특수용지 등을 제조 공급하는 종합조폐기관입니다 2018년 예산을 기준으로 정규직 1인당 평균 연봉이 ,,강남 에이플러스 스피치학원,https://blog.naver.com/summit1031,20190315.0,blog
111,11,나경제와 함께하는 경제 여행기 3편 한국조폐공사 ,,https://blog.naver.com/mosfnet?Redirect=Log&logNo=221636390162,이번에는 화폐에 대한 지식을 쌓을 수 있는 곳인 한국조폐공사 화폐박물관입니다 이곳에 가면 1902년에 발행된 일본 제일은행권부터 조선은행권 구 한국은행권 현재 사용되고 있는 ,,기획재정부 경제e야기,https://blog.naver.com/mosfnet,20190902.0,blog
112,12,공공기관 채용 2021 한국조폐공사 채용기업분석보고서 공유,,https://blog.naver.com/jobkorea1?Redirect=Log&logNo=222248161128,기업개요 한국조폐공사는 화폐은행권보조화폐국채복권수입인지기타 증권과 유가증권 용지 및 정부가 지정한 목적에 사용할 특수용지 등을 제조하여 국내외에 공급하는 종합조폐기관이다 1951년 ,,잡코리아가 코리아에게,https://blog.naver.com/jobkorea1,20210218.0,blog
113,13,부산동래카페 C27 다운타운 동래점 옛 한국조폐공사 창립된 곳,,https://blog.naver.com/im_art?Redirect=Log&logNo=222152930063,두 개 먹을걸gt_lt 얘네 둘은 배불러서 남기고 챙겨왔네요ㅎㅎㅎ 지하로 가시면 옛 한국조폐공사 창립된 곳으로 그 정취를 조금이나마 느낄 수 있을거예요 옛 조폐공사 건물이라고 큼지막하게 달러 표시가 ,,아트임의 짠라밸 성공기,https://blog.naver.com/im_art,20201124.0,blog
114,14,한국조폐공사채용 필기 시험 대비는 ncs 인강으로 빠르게 ,,https://blog.naver.com/akodien?Redirect=Log&logNo=222137198192,화폐를 직접 만드는 우리나라 유일의 제조공기업이며 세계적 수준의 기술과 설비를 갖춘 세계적 조폐 모든 전형과 일정은 코로나 상황이나공사 여건에 따라 변동이 될 수 있습니다 한국조폐공사시험은 ,,더나은 공식블로그,https://blog.naver.com/akodien,20201106.0,blog
115,15,한국조폐공사 채용 자기소개서작성부터 면접까지 공기업 맞춤 ,,https://blog.naver.com/itbank21c?Redirect=Log&logNo=221481770338,제2외국어 한국사 능력 검정 1급 자격 소지자 전문자격증 보유자가 있습니다 이번 한국조폐공사 채용에서 합격한다면 채용형 인턴으로 3개월 정도 근무 후 교육훈련 및 근무평가 등을 통해 정규직 전환에 ,,KG에듀원 블로그,https://blog.naver.com/itbank21c,20190306.0,blog
116,16,한국조폐공사 연결형 은행권만원권 두장 도전기,,https://blog.naver.com/alicepomme?Redirect=Log&logNo=222271891325,얼마전 한국조폐공사 기념주화 등에 대한 포스팅을 하면서 동전수집 화폐수집 에 관심을 갖게 조폐공사쇼핑몰 배송도 굉장히 빠르고 포장도 잘 되어서 받아보면 괜히 날위한선물 로 기분이 아주 ,,멀리서 토끼보러 오신 손님,https://blog.naver.com/alicepomme,20210311.0,blog
117,17,송정민 신상주 한국조폐공사 서울시청 세금징수 금융감독원,,https://blog.naver.com/kyongil1228?Redirect=Log&logNo=222038212108,한국조폐공사 화폐본부에서 25년째 근무 중인 이종학 자기님의 돈 만드는 이야기도 눈길을 끌었습니다 김민지 괴담은 조폐공사 시장의 딸 김민지가 납치된 뒤 토막 살해당했으나 범인은 끝내 잡히지 못했고 ,,Bon Appetit & Posting,https://blog.naver.com/kyongil1228,20200722.0,blog
118,18,한국조폐공사채용 공기업NCS인강추천 통한 필기일정 준비,,https://blog.naver.com/eiieoo33?Redirect=Log&logNo=222265113375,저는 한국사와 토익도 열심히 공부하였죠 이후 한국조폐공사NCS일정을 준비하면서 필기를 공부하게 이 시간을 가지며 직무역량 및 경험의 적정성 공사 인재상 부합여부와 인성 및 태도 등을 면접을 통해 ,,너굴너굴 데굴데굴,https://blog.naver.com/eiieoo33,20210307.0,blog
119,19,2020 쥐의 해 유통주화 세트  한국조폐공사,,https://blog.naver.com/jsjoon99?Redirect=Log&logNo=222225501350,한국조폐공사가 26일 출시한 2020년 유통주화 세트 사진제공한국조폐공사 한국조폐공사는 조폐공사는 2015년 을미년乙未年 양의 해를 시작으로 2016년 병신년丙申年 원숭이의 ,,은하수의 가장 빛나는 별처럼,https://blog.naver.com/jsjoon99,20210130.0,blog
120,20,한국조폐공사 가화만사성 실버바 20200826수,,https://blog.naver.com/myryang?Redirect=Log&logNo=222072060214,한국조폐공사 가화만사성 실버바 이모님 댁을 위해 준비한 이 아이 한국조폐공사는 돈만 조폐공사 프리미엄과 그 멋진 문양과 그 의미 값인 듯 이렇게 어수선하고 뒤숭숭한 분위기 ,,봄마다 앓아눕는 우리들의 지병은 사랑,https://blog.naver.com/myryang,20200827.0,blog
121,21,정보 한국조폐공사 2020년 한국의 주화 고품질 주화 세트로 ,,https://blog.naver.com/boulboul?Redirect=Log&logNo=221936095236,한국조폐공사는 2020년 04월 29일부터 05월18일까지 한국조폐공사 쇼핑몰 NH농협은행 우리은행 없이 2020년 한국의 주화 세트를 예약할 수 있습니다  PS 1  조폐공사에서 해당 주화 세트 ,,엘도라도(Eldorado) 실버라도(Silverado),https://blog.naver.com/boulboul,20200429.0,blog
122,22,한국조폐공사 채용 2020 최신 NCS 인강 필기 시험 준비 가능 ,,https://blog.naver.com/kakaostory79?Redirect=Log&logNo=221997343602,2020년도 상반기 한국조폐공사가 세계최고의 조폐인증보안 서비스 기업실현에 동참할 진취적이고 창의적인 신입직원 채용형인턴을 공개모집합니다 한국조폐공사 인사관리규정 제10조의 결격사유가 ,,북스케치 공식블로그,https://blog.naver.com/kakaostory79,20200611.0,blog
123,23,한국조폐공사가 발행한 카드상품권 1호 지자체,,https://blog.naver.com/najusipr?Redirect=Log&logNo=222077340156,앱한국조페공사 chak설치 → 회원가입 후 농협우체국 창구를 방문하여 주시기 바랍니다 온라인 스마트폰 앱한국조폐공사 chak설치 → 회원가입 → 카드신청 → 카드발급7일 이내 → 충전 → 사용 ,,나주시 공식블로그,https://blog.naver.com/najusipr,20200901.0,blog
124,24,유퀴즈 한국조폐공사 이종학 위조지폐 구분법 금융감독원 ,,https://blog.naver.com/seokks0919?Redirect=Log&logNo=222038406094,이외에 한국조폐공사 자기님 서울시청 세금징수과 자기님 금융감독원 금융사기대응팀 자기님이 유퀴저로 출연해 돈을 만들고 벌고 쫓고 지키는 이야기를 들려줬네요 한국조폐공사 이종학 돈 만드는 ,,모아봐요! 리뷰의숲,https://blog.naver.com/seokks0919,20200722.0,blog
125,25,한국조폐공사 채용 한국조폐공사 채용설명회 총 정리,,https://blog.naver.com/jobkorea1?Redirect=Log&logNo=221778611998,한국조폐공사 서류전형 Q1서류전형 접수 기간과 접수방법은 어떻게 되나요 2020년 2월 접수 예정이며 우리 공사 홈페이지에서 접수하시면 됩니다 Q2제출 서류에는 어떤 것이 있나요 입사지원서 및 ,,잡코리아가 코리아에게,https://blog.naver.com/jobkorea1,20200120.0,blog
126,26,후기 한국조폐공사 2020 한국의 주화 리뷰 한국은행 창립 ,,https://blog.naver.com/joal0421?Redirect=Log&logNo=222114289568,특수 가공처리 된 1원 5원 10원 50원 100원 500원이 반짝반짝 광이 났다 주화에 대한 상세 설명이 안쪽에 적혀있고 출처 한국조폐공사 쇼핑몰 아 이 영롱한 자태를 보라 출처 한국조폐공사 쇼핑몰 비록 ,,88한 인생,https://blog.naver.com/joal0421,20201013.0,blog
127,27,한국조폐공사 관리자  《OJT 지도사 양성과정 2차수 교육,,https://blog.naver.com/mcgrow?Redirect=Log&logNo=221886395286,대표는 한국조폐공사의 관리자들을 대상으로 《OJT지도사 양성과정 2차수 교육을 진행했습니다 이번 교육은 총 3차로 진행되었는데 2차 3차 교육을 맡아서 진행했습니다 공사는 2004년부터 ,,성공 비타민,https://blog.naver.com/mcgrow,20200402.0,blog
128,28,한국조폐공사 한국은행 기념주화 은화,,https://blog.naver.com/cable0431?Redirect=Log&logNo=222241880370,55g 제조  한국조폐공사 발행  한국은행 도안 1  경주역사유적지구경주 동궁과 월지 경주 남산 칠불암 마애불상군 도안 2  백제역사유적지구백제 금동대향로 공주 공산성 익산 미륵사지 ,,굿팡맨,https://blog.naver.com/cable0431,20210213.0,blog
129,29,그냥일상  한국조폐공사 2020 현용주화세트 구매하기,,https://blog.naver.com/csrryq1636?Redirect=Log&logNo=222154982001,졔졔입니다 오늘은 저희 아빠가 부탁한 한국조폐공사에서 발행된 2020기념주화를 구매하기 위해서ㅎㅎ 아침부터 난리굿 이게 이렇게 좋은 아이템인가요 출처 한국조폐공사쇼핑몰 이미지 어제 늦게 ,,아날로그 졔졔♪,https://blog.naver.com/csrryq1636,20201126.0,blog
130,30,대학일자리본부 공기업 맞춤 취업전략 한국조폐공사 강의 후기,,https://blog.naver.com/paichaiuniv?Redirect=Log&logNo=222176541328,코레일 한국조폐공사 한국수자원공사 국민연금공단 네 개의 공기업들의 취업전략을 들을 수 있었는데요 이번 특강 후기는 한국조폐공사입니다 한국조폐공사 기업에 대한 설명은 정지선 강사님께서 ,,최초에서 최고로! 배재대학교 공식블로그,https://blog.naver.com/paichaiuniv,20201218.0,blog
131,31,한국조폐공사 현직자와 함께하는 온라인 멘토링,,https://blog.naver.com/youthhopefoundation?Redirect=Log&logNo=222134207463,한국지역난방공사와 함께하는 청년일자리 희망캠프 참여 후기 지난 22일 진행된 4시까지 한국조폐공사와 함께하는 현직자 온라인 멘토링이 진행된답니다 한국조폐공사 캐릭터 위보 한국조폐공사 ,,청년재단 블로그,https://blog.naver.com/youthhopefoundation,20201103.0,blog
132,32,한국조폐공사 채용 알아둬야 유용한 꿀TIP연봉자소서,,https://blog.naver.com/incruit1?Redirect=Log&logNo=221998375737,한국조폐공사 채용 알아둬야 유용한 꿀TIP연봉자소서 안녕하세요 좋은 일 찾을 땐 인크루트 입니다 한국조폐공사 채용을 준비하고 계신분들을 위해 인크루트 기업정보 페이지를 통하여 빠른 채용소식 ,,인크루트 공식블로그,https://blog.naver.com/incruit1,20200612.0,blog
133,33,한국조폐공사 소식 연결형은행권 재 출시 및 라이브방송 안내,,https://blog.naver.com/chammallo?Redirect=Log&logNo=222222858668,공사소식 게시판 보기연결형은행권 재 출시 및 라이브방송 안내한국조폐공사 쇼핑몰 20210127 155426  2778 안녕하십니까 보이는 것 이상의 가치 한국조폐공사 입니다 많은 고객님들께서 ,,♣ 황 금 동 산 ♣,https://blog.naver.com/chammallo,20210128.0,blog
134,34,영남대한국조폐공사 업무협약 체결,,https://blog.naver.com/ynuniv?Redirect=Log&logNo=222099202559,2020921 lt영남대와 한국조폐공사가 우수 인력 양성 및 사회적 가치 창출을 위한 업무협약을 체결했다gt왼쪽부터 영남대 서길수 총장 한국조폐공사 권칠인 화폐본부장 영남대학교총장 서길수와 ,,영남대학교 블로그,https://blog.naver.com/ynuniv,20200925.0,blog
135,35,한국조폐공사 2020년 한국의 주화한국은행 70주년 기념주화,,https://blog.naver.com/b_gdk?Redirect=Log&logNo=221935686696,한국조폐공사 홈페이지 wwwkomscocom도 들어가보자 왜냐 이뻐졌거든 ㅋㅋㅋㅋㅋ 내 동기 현주누나가 2020한국의 주화 언박싱 영상을 찍었더라 당장 봐야겠는 걸 자세한 설명은 현주누나에게 패스 ,,As I want⭐️,https://blog.naver.com/b_gdk,20200429.0,blog
136,36,한국조폐공사와 같은 회사가 어떻게 영업 적자가 나지,,https://blog.naver.com/kyuwilly?Redirect=Log&logNo=222268302977,2021년 3월 8일 한국조폐공사와 같은 회사가 어떻게 영업 적자가 났을까요 참으로 신기합니다 특별한 조폐공사 영업 여건 악화 ① 매출액 5천317억원 전년 대비 13 증가 영업 적자 142억원 ② 코로나19 ,,해피경제연구소,https://blog.naver.com/kyuwilly,20210308.0,blog
137,37,한국수출입은행한국조폐공사한국투자공사 ,,https://blog.naver.com/bakhonggeun?Redirect=Log&logNo=222128145880,10월 19일은 국회에서 기획재정위원회의 한국수출입은행한국조폐공사한국투자공사 중랑구 중랑을 수은 수출입은행 한국수은 KIC 한국투자공사 조폐공사 한국재정정보원 재정정보원 원산지정보원,,국민의 삶이 최우선입니다,https://blog.naver.com/bakhonggeun,20201027.0,blog
138,38,한국조폐공사채용 NCS무료 봉투공기업모의고사,,https://blog.naver.com/roseess?Redirect=Log&logNo=222090413631,저는 올해 한국조폐공사채용에 합격하기 위해서 열심히 공기업모의고사를 통해 시험을 대비하고 사실 조폐공사에 대한 정보가 다른곳은 많이 없어서 어떤 방향으로 학습해야할지 잘 몰랐는데 딱공기업 ,,핫이슈매거진,https://blog.naver.com/roseess,20200915.0,blog
139,39,〔ft한국조폐공사 한국 대표 화가 시리즈 이중섭 지폐형 ,,https://blog.naver.com/luv0625?Redirect=Log&logNo=222225593060,▷ 한국조폐공사 한국 대표 화가 이중섭 지폐형 메달 잊고 있었다 그도 그럴 것이 작년 11월 2일 주문 한 것이고 주문당시 1월 배송임을 알고 있었기에 생각을 안 하고 있었다 집콕 하면서 사소한 것들의 ,,바른교육문화 연구소,https://blog.naver.com/luv0625,20210130.0,blog
140,40,신협중앙회와 한국조폐공사 카드형 지역사랑 상품권 공동개발,,https://blog.naver.com/jblegok?Redirect=Log&logNo=222231539464,신협중앙회회장 김윤식 이하 신협가 4일 한국조폐공사와 카드형 지역사랑 상품권의 도입 및 신협과 한국조폐공사는 올해 상반기 체크카드 기반의 지역사랑 상품권을 공동 개발해 선보인다 전국 각지에 ,,대전의 봄,https://blog.naver.com/jblegok,20210204.0,blog
141,41,한국조폐공사 쇼핑몰 2020년 한국의 주화 예약 접수중,,https://blog.naver.com/bora912?Redirect=Log&logNo=222220281553,한국조폐공사가 1월 29일부터 한국은행 창립 70주년 기념 lt2020년 한국의 주화gt를 예약 접수 받는다고 2월 18일까지 전국 NH농협은행 또는 우리은행 창구 및 누리집 조폐공사 온라인 쇼핑몰 등에서 가능,,감이좋은엄마의 쉬운 경제이야기,https://blog.naver.com/bora912,20210126.0,blog
142,42,행정안전부중앙선거관리위원회한국조폐공사 공공행정 ,,https://blog.naver.com/kkm7139?Redirect=Log&logNo=222100103180,행정안전부가 중앙선거관리위원회 한국조폐공사 등을 발표자로 초대해 공공행정혁신 기반 및 사례를 주제로 공공행정 온라인포럼을 열었는데요 감사하게도 한국의 우수한 공공행정 시스템을 소개하는 ,,"한,영어MC 김경미 개인공간",https://blog.naver.com/kkm7139,20200926.0,blog
143,43,한국조폐공사 《OJT 지도 강사과정 3차 교육 실시,,https://blog.naver.com/mcgrow?Redirect=Log&logNo=221853122180,맥그로우컨설팅그룹의 한종문 대표는 한국조폐공사 사내강사들을 대상으로 《OJT 지도 강사과정 총 3차 교육을 진행습니다 한국조폐공사는 HRD 부서 중심의 교육에서 벗어나 현장 중심의 교육을 ,,성공 비타민,https://blog.naver.com/mcgrow,20200314.0,blog
144,44,한국조폐공사 한국은행 창립 70주년 기념주화 세트  한국의 ,,https://blog.naver.com/kangkaru1?Redirect=Log&logNo=221936005099,하지만 한국조폐공사 서버가 작아서 그런지 들어가려면 웨이팅을 몇만명씩 해야하더군요 그래서 조폐공사를 거치지 않고 바로 구입하는 방법 입니다 이번 행사는 농협은행과 우리은행 두곳을 ,,K's MIdday,https://blog.naver.com/kangkaru1,20200429.0,blog
145,45,한국조폐공사 쇼핑몰 2020년 현용주화세트 판매3차,,https://blog.naver.com/lovelyar77?Redirect=Log&logNo=222169163303,한국조폐공사쇼핑몰 2020년 현용주화세트 판매 출처 한국조폐공사 쇼핑몰 wwwkoreamintcom 아침부터 돈 산다고 난리였어요 한국조폐공사쇼핑몰에서 선착순 판매한다는 2020 현용주화세트 ,,짱아의 마음,https://blog.naver.com/lovelyar77,20201210.0,blog
146,46,한국조폐공사 오롯디윰관오픈 기념 골드바 할인 판매,,https://blog.naver.com/khwds?Redirect=Log&logNo=222272732308,5 할인 구입 가능  인기 메달도 할인 판매  선착순 100명 골드바 모형 비누 증정 이벤트 □ 조폐공사가 플래그십 스토어 오픈 기념 골드바 할인 이벤트를 실시한다 □ 한국조폐공사사장 조용만 www ,,추억의 옛날물건 수집 (마니모아 블로그),https://blog.naver.com/khwds,20210312.0,blog
148,48,신협 한국조폐공사와 MOU 상반기 카드형 지역사랑 상품권 ,,https://blog.naver.com/cuf1105?Redirect=Log&logNo=222231424041,4일 한국조폐공사와 카드형 지역사랑 상품권의 도입 및 운영을 위한 업무협약MOU을 체결했습니다 신협과 한국조폐공사는 올해 상반기 체크카드 기반의 지역사랑 상품권을 공동 개발해 선보입니다 전국 ,,신협블로그,https://blog.naver.com/cuf1105,20210204.0,blog
149,49,한국조폐공사 오롯 골드바 10g 수령완료 및 감상,,https://blog.naver.com/jsp213?Redirect=Log&logNo=221858866043,15일 일요일에 주문한 한국조폐공사 오롯 골드바 10g을 오늘 수령하였습니다 처음으로 스스로 번돈으로 들이는 첫 금이라 애착이 많이 갈것 같네요 저는 케이스만 오는줄 알았는데 겉에 따로 사진처럼 ,,Liverpool의LiFe블로그,https://blog.naver.com/jsp213,20200317.0,blog
150,50,공모전 한국조폐공사 영상 공모전,,https://blog.naver.com/graphicjy?Redirect=Log&logNo=221899802238,소유권은 한국조폐공사에 있음 2 출품작은 향후 2차 가공 등을 거쳐 조폐공사의 홍보목적홈페이지SNS 기타 미디어 등으로 활용할 수 있음 3 수상자 중 일부 한국조폐공사 홍보대사 활동 기회 부여 4 ,,우리 모두 공모전에 도전해봅시다,https://blog.naver.com/graphicjy,20200409.0,blog
151,51,공공기관 채용 2020 한국조폐공사 채용전문가 합격자소서 ,,https://blog.naver.com/jobkorea1?Redirect=Log&logNo=221998387636,공공기관 채용 2020 한국조폐공사 채용전문가 합격자소서 분석 한국조폐공사 한국조폐공사채용 한국조폐공사합격자소서 안녕하세요 끝이 다른 시작 잡코리아입니다 2020년 한국조폐공사 채용 ,,잡코리아가 코리아에게,https://blog.naver.com/jobkorea1,20200612.0,blog
152,52,2020 기재위 국감 보도자료 한국조폐공사 쇼핑몰 경쟁력 ,,https://blog.naver.com/ggh000?Redirect=Log&logNo=222120967228,별첨1 2  시중 쇼핑몰과 조폐공사 쇼핑몰 화면 비교  보도자료  첨부파일 국회의원 김경협 보도자료 201019 한국조폐공사 쇼핑몰 경쟁력 확보 시급hwp 파일 다운로드  별첨 ,,"김경협, 힘있는 변화!",https://blog.naver.com/ggh000,20201020.0,blog
153,53,연결형은행권 발행예정 한국조폐공사,,https://blog.naver.com/dart81?Redirect=Log&logNo=222262822702,한국조폐공사 쇼핑몰 오늘 한국조폐공사 연결형 은행권 출시예정 메시지가 왔습니다 박스가 없어서 품절을 시켰다고 하더니 다시 출시할 모양인가 보네요 4일 7일 남았으니 날짜 체크 잘 하셔야 ,,돌하루의 soso한하루,https://blog.naver.com/dart81,20210303.0,blog
154,54,Sh수협은행한국조폐공사 한가위 맞이 골드바 판매 프로모션 ,,https://blog.naver.com/suhyup_bank?Redirect=Log&logNo=222095131059,수협은행은 지난 2016년 한국조폐공사와 골드바 판매대행 MOU를 체결하고 수협은행 전국 영업망을 통해 조폐공사가 품질을 보증하는 오롯골드바한국조폐공사 브랜드를 판매하고 있습니다,,Sh수협은행,https://blog.naver.com/suhyup_bank,20200921.0,blog
155,55,한국조폐공사와위변조방지기술,,https://blog.naver.com/jina2996?Redirect=Log&logNo=222216436123,대전연합뉴스 김준범 기자  한국조폐공사는 수출하는 국내 신발 제품에 위변조 방지 기술을 적용한 정품인증 라벨을 부착한다고 22일 밝혔다 해외 소비자들은 조폐공사의 보안패턴 기술이 적용된 ,,메모생각행동,https://blog.naver.com/jina2996,20210122.0,blog
156,56,한국조폐공사 플래그십 스토어 오롯디윰관 GRAND OPEN,,https://komsco.tistory.com/1415,📢 여러분 한국조폐공사가 만든 메달과 골드바 구경하러 놀러오세요 📢 서울 마포구 창전동6호선 광흥창역 5번 출구에 위치한 조폐공사 서울 사무소 1층에 플래그십 스토어 오롯디윰관이 문을 ,,한국조폐공사(KOMSCO) 블로그,http://komsco.tistory.com/,20201224.0,blog
157,57,대한민국 기념우표 제조 목록 한국조폐공사,,https://richcat.tistory.com/4950,728x90 반응형 대한민국 기념우표 제조 목록 한국조폐공사 연번 연도별 제품명 1 2012 12서울핵안보정상회의 2 2012 12세계자연보전총회 3 2012 12연하우표 4 2012 한국무역 KOTRA 50년 5 ,,리치캣의 현재 그리고 미래,http://richcat.tistory.com/,20210124.0,blog
158,58,기업정보 No185  한국조폐공사 채용공고 지원팁 공개,,https://blog.naver.com/kil8853?Redirect=Log&logNo=221234323710,기업정보 No185 한국조폐공사 채용공고 지원팁 공개 안녕하세요 취업의신이에요  돈 벌고 싶다 바로 한국조폐공사입니다 lt기업정보 분석gt 한국조폐공사는 1951년 설립되었고 화폐류 은행권 주화 ,,취업의신 블로그,https://blog.naver.com/kil8853,20180321.0,blog
159,59,한국조폐공사 화폐박물관에서 만난 화폐이야기,,https://daejeonstory.com/10147,대전에는 한국 조폐공사가 있고 그 옆에는 화폐박물관이 만들어져 있습니다 화폐는 경제 분야의 가장 한 국가의 중요한 권리로 조폐권이 있습니다 한일합방이 된 다음 해에 조선은행법이 공표됐는데요 그 ,,나와유의 오감만족 이야기,https://daejeonstory.com/,20190718.0,blog
160,60,한국조폐공사 실버바 1kg 도착 어머니와 같이 투자 feat ,,https://blog.naver.com/jsp213?Redirect=Log&logNo=222087899432,이번에 어머니와 같이 반반씩 투자를 하여 한국조폐공사 실버바 1kg를 매수 하였습니다 월요일날 comjsp213222144258681 현재 가난에 대비해 작성하고 있는 가난일기 시리즈 조폐공사 실버바 ,,Liverpool의LiFe블로그,https://blog.naver.com/jsp213,20200913.0,blog
161,61,공공기관 채용 2020 한국조폐공사 채용채용 정보 공유 ,,https://blog.naver.com/jobkorea1?Redirect=Log&logNo=222116347974,공공기관 채용 2020 한국조폐공사 채용채용 정보 공유 1026 한국조폐공사 한국조폐공사채용 한국조폐공사신입 안녕하세요 끝이 다른 시작 잡코리아입니다 2020년 한국조폐공사 채용에 관심 ,,잡코리아가 코리아에게,https://blog.naver.com/jobkorea1,20201015.0,blog
162,62,한국조폐공사 플래그십 스토어 오롯디윰관 오픈 기념 골드바 ,,https://komsco.tistory.com/1429,한국조폐공사 플래그십 스토어 오롯디윰관 오픈 기념 골드바 할인 이벤트 여러분 서울 마포 지하철 6호선 광흥창역 인근에 있는 한국조폐공사 플래그십 스토어 오롯디윰관 에 놀러오세요 ,,한국조폐공사(KOMSCO) 블로그,http://komsco.tistory.com/,20210121.0,blog
163,63,카드뉴스 한국조폐공사가 들려주는 재미있는 화폐이야기 6탄,,https://komsco.tistory.com/1453,한국조폐공사가 들려주는 재미있는 화폐이야기 6탄 눈을 감고 500원 100원 50원 동전을 ●◡● 좋아요 공감 공유하기 글 요소 구독하기 한국조폐공사KOMSCO 블로그 저작자표시,,http://komsco.tistory.com/,http://komsco.tistory.com/,20210219.0,blog
164,64,한국조폐공사 2020 대한민국 나눔국민대상 수상,,https://komsco.tistory.com/1389,확대하는 등 지역사회와 상생을 위한 다양한 활동을 펼치고 있답니다 사회적 책임을 다하는 조폐공사의 모습 앞으로도 계속 지켜봐주세요 좋아요 2 공유하기 글 요소 구독하기 한국조폐공사KOMSCO 블로그,,한국조폐공사(KOMSCO) 블로그,http://komsco.tistory.com/,20201110.0,blog
165,65,한국조폐공사 해외 자회사 GKD를 아시나요,,https://komsco.tistory.com/1363,이곳에 한국조폐공사 해외 자회사 GKDGLOBAL KOMSCO DAEWOO 가 있습니다 2010년 9월 설립된 GKD는 목화를 이용해 지폐에 사용되는 종이의 원료인 면펄프cotton pulp 를 만드는 회사로 대한민국이 조폐 주권국 ,,한국조폐공사(KOMSCO) 블로그,http://komsco.tistory.com/,20200924.0,blog
166,66,한국조폐공사 대전충청 공공기관 일자리 아이디어톤 개최,,https://komsco.tistory.com/1377,한국조폐공사 등 대전충청지역 5개 공공기관이 국민이 직접 일자리 사업을 기획하는 대전 분야한국조폐공사 위변조방지 보안인증 솔루션 등 신뢰사회를 위한 일자리  접수 방법 공모전 ,,한국조폐공사(KOMSCO) 블로그,http://komsco.tistory.com/,20201019.0,blog
167,67,한국조폐공사 대전금산 아동 및 어르신들에게 후원물품 기증,,https://komsco.tistory.com/1369,어려움을 겪는 어린이와 어르신들에게 조금이나마 도움이 되길 바라며 앞으로도 조폐공사는 사회적 약자를 위한 나눔활동을 지속해 나가겠습니다 좋아요 1 공유하기 글 요소 구독하기 한국조폐공사KOMSCO ,,한국조폐공사(KOMSCO) 블로그,http://komsco.tistory.com/,20200928.0,blog
168,68,내 이름은 위보 한국조폐공사 마스코트죠,,https://komsco.tistory.com/1227,또한 제가 목에 두른 스카프 끝부분 문양은 보안을 뜻하는 Security 앞글자 S 를 상징  조폐공사의 핵심 사업이념을 표현했답니다  이 정도면 한국조폐공사의 마스코트가 될만하죠 0 한국조폐공사 SNS ,,한국조폐공사(KOMSCO) 블로그,http://komsco.tistory.com/,20190812.0,blog
169,69,한국조폐공사 소개 한 번 해볼라고 YO,,https://komsco.tistory.com/1220,lt 한국조폐공사  돈만 만든다는 생각은 NO NO gt 조폐공사는 은행권  주화  국공채  각종 유가증권 및 정부 등이 사용할 특수제품을 제조하고 이와 관련된 사업을 수행하기 위한 목적으로 한국전쟁 중인 1951 ,,한국조폐공사(KOMSCO) 블로그,http://komsco.tistory.com/,20190723.0,blog
170,70,한국조폐공사 발달장애인 대상 디자인 특별 교육 진행,,https://komsco.tistory.com/1293,장애인의 자립과 고용 확대를 도모하기 위한 조폐공사의 다양한 사회적 가치창출 노력에 앞으로도 따뜻한 응원 부탁드려요 0 글  게재  인턴 강미정 좋아요 1 공유하기 글 요소 구독하기 한국조폐공사 ,,한국조폐공사(KOMSCO) 블로그,http://komsco.tistory.com/,20200203.0,blog
171,71,카드뉴스 한국조폐공사와 함께하는 화폐연대기 1탄,,https://komsco.tistory.com/1386,한국조폐공사와 함께하는 화폐연대기 1탄 여러분 우리나라 화폐가 탄생한지 70주년이 되었어요 ๑•̀ㅂ•́ﻭ✧ 좋아요 1 공유하기 글 요소 구독하기 한국조폐공사KOMSCO 블로그,,한국조폐공사(KOMSCO) 블로그,http://komsco.tistory.com/,20201102.0,blog
172,72,한국조폐공사 조용만 사장 취임 2주년 맞아 급식봉사 펼쳐,,https://komsco.tistory.com/1290,따뜻한 사회를 만들어가는 조폐공사 임직원들의 발걸음을 지켜봐주세요  글 게재  인턴 강미정 좋아요 1 공유하기 글 요소 구독하기 한국조폐공사KOMSCO 블로그,,한국조폐공사(KOMSCO) 블로그,http://komsco.tistory.com/,20200122.0,blog
173,73,잡코리아 직무인터뷰 한국조폐공사 화폐에 돈 이상의 가치를 ,,https://blog.naver.com/jobkorea1?Redirect=Log&logNo=221460872419,한국조폐공사 화폐사업팀 류한식 과장 Q 간단한 자기소개 부탁드립니다 올해로 입사 7년을 맞는 화폐사업팀의 류한식 과장입니다 현재 팀에서 기념화폐 사업을 담당하고 있습니다 Q 조폐공사에 입사하게 된 ,,잡코리아가 코리아에게,https://blog.naver.com/jobkorea1,20190208.0,blog
174,74,한국조폐공사 2020년 보안기술 설명회 개최,,https://komsco.tistory.com/1376,lt한국조폐공사 2020년 보안기술 설명회 개최gt 한국조폐공사는 10월 14일 서울 대한상의 회의실에서 뉴 노멀 시대 슬기로운 보안기술 활용법 을 주제로 생활 속에서 손쉽게 가짜를 구분할 수 있는 첨단 ,,한국조폐공사(KOMSCO) 블로그,http://komsco.tistory.com/,20201016.0,blog
175,75,한국조폐공사 화폐박물관에서 레진아트 작품전 FLOW를 ,,https://komsco.tistory.com/1405,한국조폐공사 화폐박물관에서 레진아트 작품전 FLOW를 만나보세요 레진 에 대해서 들어보신 적 ☺ 조폐공사 화폐박물관에서 12월 한 달 동안 시각디자이너 양승혜 작가의 레진아트 작품전을 ,,한국조폐공사(KOMSCO) 블로그,http://komsco.tistory.com/,20201203.0,blog
176,76,한국조폐공사 청렴 옴부즈만 자문회의 개최,,https://komsco.tistory.com/1291,조폐공사는 지난해 12 월 한국표준협회로부터 국제 수준의 반부패 경영시스템에 대한 인증 ISO 37001 을 글  게재  인턴 강미정 좋아요 1 공유하기 글 요소 구독하기 한국조폐공사KOMSCO 블로그,,한국조폐공사(KOMSCO) 블로그,http://komsco.tistory.com/,20200131.0,blog
177,77,영상 한국조폐공사 2020 수상작  한국조폐공사에 대해 ,,https://komsco.tistory.com/1436,대국민 영상공모전 장려상 수상작 〈한국조폐공사에 대해 알고 계신가요〉를 공개합니다 🎆 Q 조폐공사는 지폐 동전만 만드나요 🤔 A 아니요 화폐 외에도 여권 상품권 등 다양한 제품을 만들고 ,,한국조폐공사(KOMSCO) 블로그,http://komsco.tistory.com/,20210128.0,blog
178,78,한국조폐공사 2019 위변조방지 보안기술 설명회 개최,,https://komsco.tistory.com/1267,한국조폐공사가 오는 28일목 오전 10시 서울 대한상공회의소 에서 2019년 위변조방지 보안기술 설명회를 개최합니다 올해로 여섯 번째인 이번 행사는 조폐공사가 개발한 첨단 위변조방지 보안기술의 ,,한국조폐공사(KOMSCO) 블로그,http://komsco.tistory.com/,20191120.0,blog
179,79,카드뉴스 한국조폐공사 사회적 가치 실현 3대 상賞 수상,,https://komsco.tistory.com/1411,한국조폐공사 사회적 가치 실현 3대 상賞 수상 국내 유일의 제조 공기업인 한국조폐공사가 사회적 가치 실현 3대 상賞 을 수상하는 쾌거를 이루었습니다 lt수상내역gt 🏆 2020 대한민국 ,,한국조폐공사(KOMSCO) 블로그,http://komsco.tistory.com/,20201217.0,blog
180,80,한국조폐공사 김좌진 장군 기념사업 후원,,https://komsco.tistory.com/1394,유적지 복원 사업 및 학술문화 진흥 사업 등에 활용될 예정입니다 사회적 가치 실현에 앞장서는 조폐공사의 모습 계속 지켜봐주세요0 좋아요 1 공유하기 글 요소 구독하기 한국조폐공사KOMSCO 블로그,,한국조폐공사(KOMSCO) 블로그,http://komsco.tistory.com/,20201116.0,blog
181,81,청년정책 선배들이 들려주는 한국조폐공사 입사 성공기,,https://blog.naver.com/mosfnet?Redirect=Log&logNo=220833193072,우리나라의 은행권화폐을 제조하는 공기업인 한국조폐공사는 중요한 역할만큼 매년 채용 과정에서 이러한 경험을 한 후 한국에 돌아와 취업을 준비하다 보니 제가 다른 사람들보다 할 말이 조금 더 ,,기획재정부 경제e야기,https://blog.naver.com/mosfnet,20161011.0,blog
182,82,한국조폐공사 2016년 하반기 NCS기반 신입직원청년인턴 채용,,https://blog.naver.com/tradepeople?Redirect=Log&logNo=220777811193,한국조폐공사 2016년 하반기 NCS기반 신입직원청년인턴 채용 인턴 근무평가 후 90 정규직 전환 17수 17시까지 한국조폐공사KOMSCO는 은행권주화국채공채각종 유가증권 및 정부 ,,취크루트,https://blog.naver.com/tradepeople,20160802.0,blog
183,83,한국조폐공사 안중근 의사 순국 110주기 추념메달 수익금 기탁,,https://komsco.tistory.com/1412,여러분도 조폐공사와 함께 안중근 의사의 숭고한 애국정신을 다시 한 번 기려보는 건 어떨까요 좋아요 1 공유하기 글 요소 구독하기 한국조폐공사KOMSCO 블로그,,한국조폐공사(KOMSCO) 블로그,http://komsco.tistory.com/,20201221.0,blog
184,84,JTBC 해볼라고 한국조폐공사 편,,https://blog.naver.com/happybrother?Redirect=Log&logNo=221468552247,한국조폐공사 공사소개_비전 amp 채널을 돌리다가 뒤늦게 봤지만 취업을 준비하는 사람들에게 무엇보다 필요했던 방송은 웃고 즐기는 여행보다 이런 프로그램 해볼라고가 아닐까싶어요 중국 바이어와 미팅을 ,,지금 이 순간,https://blog.naver.com/happybrother,20190218.0,blog
185,85,한국조폐공사 2016년 NCS 기반 신입직원 채용 공고,,https://blog.naver.com/bosungabi?Redirect=Log&logNo=220778682361,한국조폐공사 채용 소식을 알려드립니다 한국조폐공사Korea Mining Security Printing amp ID Card Operating 공통자격 공사 인사관리 규정 제 10호채용 결격사유에 해당하지 않는 자 2 전형별 필수 자격요건 ,,수험서의 명가 씨마스,https://blog.naver.com/bosungabi,20160803.0,blog
186,86,홍삼액 제품의 지식재산권 보호하는 한국조폐공사의 기술,,https://blog.naver.com/kipracafe?Redirect=Log&logNo=221028078403,위해서 한국인삼공사와 한국조폐공사가 손을 잡았다고 해요 한국조폐공사의 위변조 방지 기술을 출처 한국조폐공사gt 손톱깎이로 유명한 쓰리쎄븐이라는 기업도 조폐공사의 잠상 기술을 도입했습니다 ,,한국지식재산보호원 공식 블로그,https://blog.naver.com/kipracafe,20170613.0,blog
187,87,기사엑소 한국조폐공사 제작 공식 기념메달 나온다 ,,https://blog.naver.com/mclove0325?Redirect=Log&logNo=221227372845,한국조폐공사는 대한민국 최정상 아이돌그룹으로 한류의 중심에 선 엑소에 대하여 공식 2018 평창 동계올림픽 기념주화 등 국가 행사 기념주화 및 메달을 제작해 온 한국조폐공사는 아시아를 ,,"너를 향한 내 맘, love,love,love.",https://blog.naver.com/mclove0325,20180312.0,blog
188,88,한국조폐공사 50년사,,https://blog.naver.com/uniqueplus2?Redirect=Log&logNo=221321466896,한국조폐공사 50년사 한국조폐공사 50년사는 창립 이래 많은 변화와 굴곡이 있었지만 지속적인 현재의 조폐공사 현장을 현황 화보로 구성하였다 본문은 서장을 포함하여 총 7장으로 화폐의 역사와 ,,유니크플러스 사사팀 블로그,https://blog.naver.com/uniqueplus2,20180718.0,blog
189,89,10월 16일 한국조폐공사 은행권 및 주화 수출 확대를 위한 ,,https://blog.naver.com/ewon33?Redirect=Log&logNo=221378476981,한국조폐공사는 2007년 2570만장은행권 주화의 생산량을 기록했으나 2009년을 기점으로 생산량이 급격하게 하락했다 2018년 올해 생산량은 796만장으로 2007년 대비 약 13로 줄었다 조폐공사는 기본사업인 ,,이원욱의 블로그,https://blog.naver.com/ewon33,20181016.0,blog
190,90,짝퉁 잡는 한국조폐공사의 위조방지 신기술,,https://blog.naver.com/kipracafe?Redirect=Log&logNo=220885843489,그중에서도 공사에서 제공하는 스마트폰 앱을 통해 무료로 진품을 확인할 수 있는 기술은 일반인들도 쉽게 접근할 수 있어 활용도가 높을 것이라 생각되네요 이미지 출처  한국조폐공사 공식 블로그 이러한 ,,한국지식재산보호원 공식 블로그,https://blog.naver.com/kipracafe,20161214.0,blog
191,91,2015912  913 한국조폐공사에서 뱀띠모임,,https://blog.naver.com/netsu20?Redirect=Log&logNo=220480952049,오랜만에 모이는 아캠모 뱀띠모임 한국조폐공사 본사에서 운영하는 직원복지용 사내캠핑장에서 15911913의 2박3일을 보낸다 물론 나는 토요일에 근무하는 관계로 퇴근후에 정신없이 움직인관계로 ,,설참,https://blog.naver.com/netsu20,20150914.0,blog
192,92,영상 한국조폐공사 2020 대국민 영상공모전 장려상 수상작 ,,https://komsco.tistory.com/1423,하 조폐공사의 히어로 위보의 활약으로 이것저것의 부자가 되려는 꿈은 허사로 돌아가게 되는데 제작 김동원 라승아 김경진 어진아 좋아요 공감 공유하기 글 요소 구독하기 한국조폐공사KOMSCO ,,한국조폐공사(KOMSCO) 블로그,http://komsco.tistory.com/,20210107.0,blog
193,93,대전 한국조폐공사 화폐박물관,,https://blog.naver.com/stevekery?Redirect=Log&logNo=221415825019,구 한국은행권 현재 사용하고 있는 한국은행권까지 우리나라 은행권의 변천사를 전시해놓은 및 관람료도 무료라서 만족도가 더욱 컸습니다 대전 유성구 한국조폐공사 화폐박물관에서 With Canon G1X Mark II,,소소한......,https://blog.naver.com/stevekery,20181209.0,blog
194,94,카드뉴스 한국조폐공사와 함께하는 지폐 속 주인공 이야기 6 ,,https://komsco.tistory.com/1424,카드뉴스 한국조폐공사와 함께하는 지폐 속 주인공 이야기 6  탐험가들 이번 편에서는 위험을 무릅쓰고 세계 이곳저곳을 여행한 탐험가들을 소개합니다 화폐에는 여러 나라와 지역에 관심을 갖고 모험하는 ,,한국조폐공사(KOMSCO) 블로그,http://komsco.tistory.com/,20210111.0,blog
195,95,핸즈온봉사한국조폐공사amp한국타이어중앙연구소,,https://blog.naver.com/yuseong1365?Redirect=Log&logNo=221307952917,6월 핸즈온 봉사활동엔 한국조폐공사와 한국타이어중앙연구소가 참여했습니다 한국타이어중앙연구소 활동부터 살펴보겠습니다 한국조폐공사 피자 만들기amp나눔 대전시자원봉사센터와 기업연계 프로그램 ,,유성 자원봉사 愛 빠지다,https://blog.naver.com/yuseong1365,20180627.0,blog
196,96,카드뉴스 한국조폐공사 amp 성심당 순도 9999 골드바 케이크 ,,https://komsco.tistory.com/1360,지난 9월 21일 한국조폐공사와 대전의 명소 성심당이 함께 순도 9999 골드바 케이크 를 출시했습니다 조폐공사가 판매하고 있는 골드바 모양의 피낭시에 케이크를 제품화한 순도 9999 골드바 케이크는 ,,한국조폐공사(KOMSCO) 블로그,http://komsco.tistory.com/,20200922.0,blog
197,97,카드뉴스 한국조폐공사 신규 골드바 브랜드 KOMSCO ,,https://komsco.tistory.com/1381,한국조폐공사 신규 골드바 브랜드 KOMSCO WORLD BAR 출시 2020년 11월 KOMSCO WORLD BAR콤스코 0 2020년 11월 Coming Soon 좋아요 2 공유하기 글 요소 구독하기 한국조폐공사KOMSCO 블로그,,한국조폐공사(KOMSCO) 블로그,http://komsco.tistory.com/,20201026.0,blog
198,98,한국조폐공사  2020 쥐의 해 유통주화세트 발매,,https://banknotes.tistory.com/1257,한국조폐공사 쇼핑몰 배송관련정보  배송비용  착불 4000원 3만원이상 구매시 무료 2020년 한국의 국립공원 기념주화는 제외  배송업체  상품별 CJ대한통운택배 또는 ,,http://banknotes.tistory.com/,http://banknotes.tistory.com/,20210122.0,blog
199,99,한국조폐공사 오롯 골드바,,https://komsco.tistory.com/1338,KRX한국거래소 품질인증기관인 한국조폐공사에서 순도 9999 포나인 골드바를 보증합니다 오롯 골드바의 보안요소에 대해 알아볼까요 1 공사 고유의 홀마크 적용 2 자체 특허기술 ,,한국조폐공사(KOMSCO) 블로그,http://komsco.tistory.com/,20200727.0,blog
200,0,한국조폐공사와 중앙은행의 차이가무엇인가요,,https://kin.naver.com/qna/detail.nhn?d1id=4&dirId=408&docId=379033080&qb=7ZWc6rWt7KGw7Y+Q6rO17IKs&enc=utf8&section=kin.qna&rank=1&search_sort=0&spq=0,한국조폐공사와 중앙은행의 차이가무엇인가요 한국조폐공사는 한국은행으로 부터 주문이 있으면 돈을 용어로 한국조폐공사로 부터 납품받았던 돈이라는 인쇄물이 한국조폐공사는 돈만 인쇄하는 것이 아니고 수표 복권 또는 ,,,,,kin
201,1,한국조폐공사 자소서 첨삭이 급합니다,,https://kin.naver.com/qna/detail.nhn?d1id=6&dirId=6080401&docId=371140933&qb=7ZWc6rWt7KGw7Y+Q6rO17IKs&enc=utf8&section=kin.qna&rank=2&search_sort=0&spq=0,한국조폐공사에 취업을 희망하고 있습니다 이번에 못잡아서 한국조폐공사 자소서 준비가 가능한 학원을 찾고 안되겠더라구요 한국조폐공사 자소서 첨삭경험이 있는 안녕하세요 한국조폐공사 하반기 공채를 목표로 지식인에 ,,,,,kin
202,2,한국조폐공사 자기소개서,,https://kin.naver.com/qna/detail.nhn?d1id=4&dirId=40612&docId=359790301&qb=7ZWc6rWt7KGw7Y+Q6rO17IKs&enc=utf8&section=kin.qna&rank=3&search_sort=0&spq=0,한국조폐공사 자기소개서 쓰기 전에 미리 자기소개서 작성 수업을 받고 싶어요  서울에 한국조폐공사 자기소개서 반갑습니다 한국조폐공사 자기소개서 작성에 도움 드릴 짚어드리며 한국조폐공사 자기소개서 수업 및 작성에 ,,,,,kin
203,3,한국조폐공사 부사장 퇴직 나이,,https://kin.naver.com/qna/detail.nhn?d1id=11&dirId=113105&docId=354031150&qb=7ZWc6rWt7KGw7Y+Q6rO17IKs&enc=utf8&section=kin.qna&rank=4&search_sort=0&spq=0,한국조폐공사 부사장 퇴직 나이 어떻게되요 201812 승진해도 퇴직나이는 그대로인가요 부사장  임원 은 퇴직 나이가 정해져 있지 않습니다 ,,,,,kin
204,4,제가 한국조폐공사에 취직하려고하는데요,,https://kin.naver.com/qna/detail.nhn?d1id=11&dirId=110704&docId=369121056&qb=7ZWc6rWt7KGw7Y+Q6rO17IKs&enc=utf8&section=kin.qna&rank=5&search_sort=0&spq=0, 한국조폐공사책하나를 샀는데 거기나오는NCS가 있긴있어요 근데 양이 적어서 7 조폐공사관련 면접체험하는 거 있나요 컴활2급은 보통 세무회계쪽 분야 종사자들이 자격증과 연계해서 필수로 필요해서 취득을 많이 합니다 ,,,,,kin
205,5,한국 조폐공사 쇼핑몰 관련 질문,,https://kin.naver.com/qna/detail.nhn?d1id=4&dirId=40107&docId=355561104&qb=7ZWc6rWt7KGw7Y+Q6rO17IKs&enc=utf8&section=kin.qna&rank=6&search_sort=0&spq=0,제가 여기 한국조폐공사 쇼핑몰에서요 이번에 70주년 기념주화를 구매했는데요 입금을 했는데 왜 아직 입금 확인중이 뜨는지 모르겠어요 혹시 제가 무통장 입금이 아니라 계좌 송금으로 돈 보내서 그런걸까요 궁금하고 조금 ,,,,,kin
206,6,한국조폐공사 채용 면접,,https://kin.naver.com/qna/detail.nhn?d1id=4&dirId=406&docId=362539776&qb=7ZWc6rWt7KGw7Y+Q6rO17IKs&enc=utf8&section=kin.qna&rank=7&search_sort=0&spq=0,한국조폐공사 채용 면접을 준비하려고 합니다 인성검사 한국조폐공사 채용 면접을 대비하시려는 것 같습니다 2020 한국조폐공사 채용 면접은 이렇게 진행됩니다 한국조폐공사 신입 채용65명 선발 면접진행 전형방법  인성검사 ,,,,,kin
207,7,한국조폐공사 합격자소서 부탁드려요,,https://kin.naver.com/qna/detail.nhn?d1id=4&dirId=406&docId=340446156&qb=7ZWc6rWt7KGw7Y+Q6rO17IKs&enc=utf8&section=kin.qna&rank=8&search_sort=0&spq=0,한국조폐공사 채용지원중입니다 합격자소서 어떻게 같아서 한국조폐공사 지원할때는 꼭 합격자소서 보고쓰려구요 한국조폐공사 관련 정보 있을까요 안녕하세요 취업 포털 잡코리아 입니다 질문자님께서는 한국조폐공사 ,,,,,kin
208,8,한국조폐공사 취업방법,,https://kin.naver.com/qna/detail.nhn?d1id=4&dirId=40612&docId=342661553&qb=7ZWc6rWt7KGw7Y+Q6rO17IKs&enc=utf8&section=kin.qna&rank=9&search_sort=0&spq=0, 있습니다 한국조폐공사쪽으로 인쇄 일을 하고 싶은데 질문자님께서는한국조폐공사 합격스펙과 관련된 질문을 한국조폐공사 합격스펙입니다 지원하시기 전에 모두 확인 하시고 좋은 결과 있기를 기원합니다 lt 한국조폐공사 ,,,,,kin
209,9,한국조폐공사 기업정보 어디서 볼 수 있나요,,https://kin.naver.com/qna/detail.nhn?d1id=4&dirId=406&docId=327501883&qb=7ZWc6rWt7KGw7Y+Q6rO17IKs&enc=utf8&section=kin.qna&rank=10&search_sort=0&spq=0, 찾다가 한국조폐공사 업무지원직 공채정보를 봤어요 지금까지 한국조폐공사하면 돈 만들고 발행하는 기회에 한국조폐공사에 대해 더 자세히 알아보고 싶은데 한국조폐공사 기업정보 확인하는 방법 도움 부탁드립니다 ,,,,,kin
210,10,한국조폐공사 채용 준비생인데 연봉얼마,,https://kin.naver.com/qna/detail.nhn?d1id=4&dirId=410&docId=333103066&qb=7ZWc6rWt7KGw7Y+Q6rO17IKs&enc=utf8&section=kin.qna&rank=11&search_sort=0&spq=0,한국조폐공사 채용 준비생인데 연봉얼마인지 궁금해요 질문자님은 한국조폐공사 채용에 대해 궁금하시군요 한국조폐공사 채용을 위해 연봉을 안내해드릴게요 한국조폐공사 채용을 위한 더 구체적인 정보와 연봉정보도 ,,,,,kin
211,11,한국조폐공사 인적성 어떤식인가요,,https://kin.naver.com/qna/detail.nhn?d1id=11&dirId=110103&docId=322668418&qb=7ZWc6rWt7KGw7Y+Q6rO17IKs&enc=utf8&section=kin.qna&rank=12&search_sort=0&spq=0,한국조폐공사 신입채용공고에 지원하려고 하는데 공기업 한국조폐공사 인적성후기에 관해 질문주셨네요 ▶ 한국조폐공사 2019 신입채용형인턴 채용공고 클릭 자료와 한국조폐공사 취업꿀팁 아래 링크해드리니 함께 ,,,,,kin
212,12,한국조폐공사 채용관련 질문,,https://kin.naver.com/qna/detail.nhn?d1id=4&dirId=40612&docId=297661551&qb=7ZWc6rWt7KGw7Y+Q6rO17IKs&enc=utf8&section=kin.qna&rank=13&search_sort=0&spq=0, 현재 한국조폐공사에서 채용공고가 올라왔는데 고졸전형이 없던데 혹시 한국조폐공사 업무지원직행정지원 채용 공고를 보신 건지요 해당 공고는 ▶ 한국조폐공사 공채자료  합격스펙  합격자소서  인적성 면접 후기 ,,,,,kin
213,13,한국조폐공사 채용 정보 알고싶어요 올,,https://kin.naver.com/qna/detail.nhn?d1id=4&dirId=40612&docId=309026067&qb=7ZWc6rWt7KGw7Y+Q6rO17IKs&enc=utf8&section=kin.qna&rank=14&search_sort=0&spq=0,한국조폐공사 채용 정보 알고싶어요 올해 하반기 채용 한국조폐공사 채용과 관련하여 답변드리겠습니다  한국조폐공사 예상 채용일정은 180911  180917 로 예상하고 추가적으로 참고하실 수 있도록 한국조폐공사 합격자소서와 ,,,,,kin
214,14,올해 한국조폐공사 하반기 채용 있나요,,https://kin.naver.com/qna/detail.nhn?d1id=8&dirId=8050101&docId=308900348&qb=7ZWc6rWt7KGw7Y+Q6rO17IKs&enc=utf8&section=kin.qna&rank=15&search_sort=0&spq=0,올해 한국조폐공사 하반기 채용 있나요 보통 언제쯤 한국조폐공사 채용과 관련하여 답변드리겠습니다  한국조폐공사 예상 채용일정은 180911  180917 로 예상하고 추가적으로 참고하실 수 있도록 한국조폐공사 합격자소서와 ,,,,,kin
215,15,한국조폐공사 취업,,https://kin.naver.com/qna/detail.nhn?d1id=4&dirId=406&docId=308542725&qb=7ZWc6rWt7KGw7Y+Q6rO17IKs&enc=utf8&section=kin.qna&rank=16&search_sort=0&spq=0, 그래서 한국조폐공사랑 기념화폐는 담당은 어떤일을 하는지 질문자님께서는 한국조폐공사 취업에 관심이 있으시군요 한국조폐공사는 1951년 창립한 화폐전문 ▶한국조폐공사 기업정보 바로보기 질문자님께서는 특히 기념화폐 ,,,,,kin
216,16,한국조폐공사 기술직 연봉,,https://kin.naver.com/qna/detail.nhn?d1id=4&dirId=406&docId=297868251&qb=7ZWc6rWt7KGw7Y+Q6rO17IKs&enc=utf8&section=kin.qna&rank=17&search_sort=0&spq=0,제가 특성화고에 다니고 있는데 한국조폐공사 고졸 기술직 연봉은 얼마정도 질문자님께서는 한국조폐공사 기술직무 연봉에 대해 궁금하시군요 ▣ 한국조폐공사 평균 연봉 정보 ▶ 한국조폐공사 연봉정보 더 자세히보러가기 ,,,,,kin
217,17,한국조폐공사 취업준비어케하죠 곧,,https://kin.naver.com/qna/detail.nhn?d1id=11&dirId=11080308&docId=315137798&qb=7ZWc6rWt7KGw7Y+Q6rO17IKs&enc=utf8&section=kin.qna&rank=18&search_sort=0&spq=0,한국조폐공사 취업준비어케하죠 곧 고2올라가는 실업계 꼼꼼히해서 한국조폐공사 꼭 가고싶은데 지금부터 한국조폐공사 취업에 대하여 답변 드리겠습니다 한국조폐공사 고졸전형 모집분야는 기계전자기술인쇄제지 ,,,,,kin
218,18,그냥 골드바 말고 한국조폐공사에서 인,,https://kin.naver.com/qna/detail.nhn?d1id=4&dirId=40102&docId=332426106&qb=7ZWc6rWt7KGw7Y+Q6rO17IKs&enc=utf8&section=kin.qna&rank=19&search_sort=0&spq=0,그냥 골드바 말고 한국조폐공사에서 인증해주는 골드바가 있다는데 판매는 어디서하나요 그리고 금시세가 낮아진거 한국금거래소쓰리엠은 9999의 금순도를한국조폐공사로 부터 인정받아 공신력을 인정 받았어요또한 2014년 ,,,,,kin
219,19,한국조폐공사 자격증,,https://kin.naver.com/qna/detail.nhn?d1id=4&dirId=406&docId=297497009&qb=7ZWc6rWt7KGw7Y+Q6rO17IKs&enc=utf8&section=kin.qna&rank=20&search_sort=0&spq=0, 한국 조폐공사 고졸채용에 필요한 자격증 중에 전자기기 한국 조폐공사 고졸채용에 필요한 자격증 중에 전자기기 한국조폐공사 공채전략  합격스펙  합격자소서  인적성 면접 후기  직무인터뷰  연봉정보 ▶ 한국조폐공사 ,,,,,kin
220,20,한국조폐공사 취직,,https://kin.naver.com/qna/detail.nhn?d1id=4&dirId=406&docId=373917555&qb=7ZWc6rWt7KGw7Y+Q6rO17IKs&enc=utf8&section=kin.qna&rank=21&search_sort=0&spq=0,한국조폐공사에 취직하려면 어떻게 해야하나요 갑자기 질문자님께서는 현재 한국조폐공사 취업에 대한 궁금증을 갖고 계시군요 잡코리아에서는 한국조폐공사 관련 gtgt 잡코리아에서 제공하는 한국조폐공사 합격자 스펙 ,,,,,kin
221,21,한국조폐공사 청소년증,,https://kin.naver.com/qna/detail.nhn?d1id=6&dirId=6010102&docId=363995104&qb=7ZWc6rWt7KGw7Y+Q6rO17IKs&enc=utf8&section=kin.qna&rank=22&search_sort=0&spq=0,제가 동사무소에서 청소년증을 발급 신청해서 한국조폐공사에서 7월 3일에 접수됐어요 언제쯤 받을 수 있을까요 7월3일 신청했다면 지금쯤나와서 주민센터 서랍속에 있을 겁니다 시간내서 주민센터로 찿으러 가세요 ,,,,,kin
222,22,한국조폐공사 쇼핑몰,,https://kin.naver.com/qna/detail.nhn?d1id=13&dirId=130707&docId=377077318&qb=7ZWc6rWt7KGw7Y+Q6rO17IKs&enc=utf8&section=kin.qna&rank=23&search_sort=0&spq=0, 그리고 왜 한국 조폐공사 쇼핑몰에는 동전이 현용주화세트 밖에 안 뜨고 메달만 올라오나요 1000원 20000원 짜리 동전 같은건 조폐공사 쇼핑몰이 아니라 다른데에서 팔는 거예요  글쎄요,,,,,kin
223,23,한국조폐공사,,https://kin.naver.com/qna/detail.nhn?d1id=4&dirId=406&docId=333552530&qb=7ZWc6rWt7KGw7Y+Q6rO17IKs&enc=utf8&section=kin.qna&rank=24&search_sort=0&spq=0,이번에 중3이된 학생인데 한국조폐공사에 갈려면 뭘해야하나요 필요학 자격증이나 요구 스팩등좀 알려주세요 이런쪽은 첨이라 잘모르겠네요 바보아저씨의 경제이야기  은행원 되는법 준비 스펙 실제 은행원 하는 일 은행원 ,,,,,kin
224,24,한국조폐공사는 뭐하는 곳 인가요,,https://kin.naver.com/qna/detail.nhn?d1id=8&dirId=816&docId=355268153&qb=7ZWc6rWt7KGw7Y+Q6rO17IKs&enc=utf8&section=kin.qna&rank=25&search_sort=0&spq=0,한국조폐공사는 뭐하는 곳 인가요 행권은 국가경제 흐름의 중요한 매개체로 현재 천원권 오천원권 만원권 오만원권 4종으로 발행되고 있습니다 최신 인쇄시설을 보유한 화폐본부에서 인쇄 검사 및 완공에 이르는 전 과정이 철저한 ,,,,,kin
225,25,한국조폐공사질문,,https://kin.naver.com/qna/detail.nhn?d1id=6&dirId=6130106&docId=363265805&qb=7ZWc6rWt7KGw7Y+Q6rO17IKs&enc=utf8&section=kin.qna&rank=26&search_sort=0&spq=0, 질문자님께서는 현재 한국조폐공사 취업에 대한 궁금증을 gtgt 잡코리아에서 제공하는 한국조폐공사 합격자 스펙 바로가기 클릭 잡코리아에서 제공하는 한국조폐공사 gtgt 잡코리아에서 제공하는 한국조폐공사 기업분석보고서 ,,,,,kin
226,26,한국조폐공사 영업개발단에서는 어떤 일을 하나요,,https://kin.naver.com/qna/detail.nhn?d1id=12&dirId=12012722&docId=355561509&qb=7ZWc6rWt7KGw7Y+Q6rO17IKs&enc=utf8&section=kin.qna&rank=27&search_sort=0&spq=0,한국조폐공사 영업개발단에서는 어떤 일을 하나요 어떠한 부서가 있고 어떠한 일을 하는지 자세히 알고 싶어요 httpskomscotistorycom457 채택 부탁드립니다 ,,,,,kin
227,27,한국은행과 한국조폐공사의 차이점,,https://kin.naver.com/qna/detail.nhn?d1id=4&dirId=40101&docId=33514855&qb=7ZWc6rWt7KGw7Y+Q6rO17IKs&enc=utf8&section=kin.qna&rank=28&search_sort=0&spq=0,한국은행과 한국조폐공사의 차이점은요 한국은행은 통화신용정책 등을 통해 물가를 조절하는 기관입니다 한국조폐공사는 정부에 의해 설립된 공기업으로 돈이나 수입인지 수표 우표등 정부가 필요로 하는 특수한 종류의 인쇄물 ,,,,,kin
228,28,한국 조폐공사에 대한 얘긴데요 지금시,,https://kin.naver.com/qna/detail.nhn?d1id=1&dirId=10102&docId=345431403&qb=7ZWc6rWt7KGw7Y+Q6rO17IKs&enc=utf8&section=kin.qna&rank=29&search_sort=0&spq=0,한국 조폐공사에 대한 얘긴데요 지금시대에 거의 가상화폐를 쓰잖아요 나중에 조폐공사가 망할수도있나요 내공100  그러면 국가 가상화폐가 나오겠조 그게 아니면 아에 역사속에서 사라질수도 있지만 국가이라는게 어느정도 통제가 ,,,,,kin
229,29,한국 조폐공사는 주식이 없나요,,https://kin.naver.com/qna/detail.nhn?d1id=4&dirId=40102&docId=130273963&qb=7ZWc6rWt7KGw7Y+Q6rO17IKs&enc=utf8&section=kin.qna&rank=30&search_sort=0&spq=0,한국조폐공사는 주식이 없는건가요 한국조폐공사에는 주식이 없습니다 한국조폐공사법에 의하면 위 공사는 한국담배인삼공사현 KTampG나 KT의 경우 민영화를 거쳐 주식시장에 상장되었지만 한국조폐공사는 사업의 특성상 ,,,,,kin
230,30,한국 조폐 공사에서 돈을 만들면 그 돈을 어떻게 시장에 ,,https://kin.naver.com/qna/detail.nhn?d1id=4&dirId=410&docId=339058707&qb=7ZWc6rWt7KGw7Y+Q6rO17IKs&enc=utf8&section=kin.qna&rank=31&search_sort=0&spq=0,한국 조폐 공사에서 돈을 만드는 사실은 누구나 알잖아요 근데 그 돈을 어떻게 시장에 확산시켜요 그 돈을 그냥 사람이나 기업 단체에 주는 것도 아닌데 그렇게 안하면 만든 돈을 줄 방법이 없지 않나요 통화승수 유발이 되는 ,,,,,kin
231,31,한국조폐공사 직위 4급과장 채무 1억,,https://kin.naver.com/qna/detail.nhn?d1id=4&dirId=40106&docId=323773076&qb=7ZWc6rWt7KGw7Y+Q6rO17IKs&enc=utf8&section=kin.qna&rank=32&search_sort=0&spq=0,한국조폐공사 직위 4급과장 채무 1억4천8백 개인회생가능한가요 어디서알아봐야하나요  1 개인회생은 현재의 채무 원금이 1천만원 이상으로 채무가 재산보다 많고 일정소득이 있는 분이라면 누구나 신청이 가능하며 도박 주식으로 ,,,,,kin
232,32,한국조폐공사 15774321 토요일 번호 연락 안 받네요,,https://kin.naver.com/qna/detail.nhn?d1id=6&dirId=6130106&docId=359383483&qb=7ZWc6rWt7KGw7Y+Q6rO17IKs&enc=utf8&section=kin.qna&rank=33&search_sort=0&spq=0,한국조폐공사 15774321 토요일 번호 연락 안 받네요 답변 부탁 바랍니다 공휴일 전용 회선은 평일에 수신 안됩니다 ,,,,,kin
234,34,한국조폐공사가 정확히 어디에 있나요,,https://kin.naver.com/qna/detail.nhn?d1id=8&dirId=812&docId=152942440&qb=7ZWc6rWt7KGw7Y+Q6rO17IKs&enc=utf8&section=kin.qna&rank=35&search_sort=0&spq=0,한국조폐공사가 정확히 어디에 있나요 학교 숙제라서빨리 부탁드려요 한국조폐공사 위치입니다 대전에 위치하고 있으며 대전엑스포과학공원 근처에 있습니다 ,,,,,kin
235,35,한국조폐공사가 몰래 돈을찍어내서,,https://kin.naver.com/qna/detail.nhn?d1id=4&dirId=409&docId=61693114&qb=7ZWc6rWt7KGw7Y+Q6rO17IKs&enc=utf8&section=kin.qna&rank=36&search_sort=0&spq=0,한국조폐공사에서 돈을 몰래 찍어내서 불쌍한사람들한테 100만원씩만 줘도 그사람들은 잘 살고 보통사람도 같이 살 그렇게 된다면 모든 사람들이 한국조폐공사 앞에서 줄서서 기다릴 것이고 그렇게 되면 모든 사람들이 일도 안하고 ,,,,,kin
236,36,한국조폐공사 골드바 사두어도 될까요,,https://kin.naver.com/qna/detail.nhn?d1id=6&dirId=6130106&docId=224636059&qb=7ZWc6rWt7KGw7Y+Q6rO17IKs&enc=utf8&section=kin.qna&rank=37&search_sort=0&spq=0,한국조폐공사 골드바 사두어도 될까요  한국조폐공사 품질보증 골드바는 단연 국내 최고가 맞습니다 되팔때 보관을 잘하면 높은 프리미엄을 받고 현금화 하실 수 있습니다  wwwgoldnarakr 한국 조폐공사골드바 지정 판매점,,,,,kin
237,37,한국조폐공사 홈피에 가서 청소년증 조,,https://kin.naver.com/qna/detail.nhn?d1id=6&dirId=6010102&docId=325923247&qb=7ZWc6rWt7KGw7Y+Q6rO17IKs&enc=utf8&section=kin.qna&rank=38&search_sort=0&spq=0,한국조폐공사 홈피에 가서 청소년증 조회 했는데 신청한 카드가 없다고 하네요ㅠ 어찌된 일인지 좀 알려주세요ㅠ 동주민센터에서 신청하고 아직 조폐공사까지 접수가 되지 않은 경우입니다 신청한지 얼마 되지 않았으면 그럴수 ,,,,,kin
238,38,한국조폐공사에 대해 궁금합니다,,https://kin.naver.com/qna/detail.nhn?d1id=6&dirId=61404&docId=162814551&qb=7ZWc6rWt7KGw7Y+Q6rO17IKs&enc=utf8&section=kin.qna&rank=39&search_sort=0&spq=0, 최근들어 한국조폐공사에 대해 관심이 생겨서 많은 정보를 얻고 싶어서 이렇게 질문을 드려요 1 홈페이지에 들어가봤는데 연도별로 몇명을 채용했는지 나와있었는데요 근데 해가 갈수록 채용을 하지 않는듯 해서요 처음엔 ,,,,,kin
239,39,한국조폐공사에서,,https://kin.naver.com/qna/detail.nhn?d1id=6&dirId=6130106&docId=328354640&qb=7ZWc6rWt7KGw7Y+Q6rO17IKs&enc=utf8&section=kin.qna&rank=40&search_sort=0&spq=0,조폐는 무엇으로만들져 한국 조폐공사는 돈은 만든느 곳으로 종이로 된 지폐와 동전을 만듭니다 ,,,,,kin
240,40,한국조폐공사 직원들은 돈을 많이 버나요,,https://kin.naver.com/qna/detail.nhn?d1id=4&dirId=401&docId=33218432&qb=7ZWc6rWt7KGw7Y+Q6rO17IKs&enc=utf8&section=kin.qna&rank=41&search_sort=0&spq=0,한국조폐 공사 직원들은 돈 많이 버나요 다 찢어진 돈들은 직원들이 가질수 있나요 페지페를 궁금하네요 안녕하세요  조폐공사에서 근무 하고 있는 한 사람입니다 저희 공사도 공기업이라는 특징을 가지고 있어 성격이 조금 ,,,,,kin
241,41,한국조폐공사에대한토막살인사건,,https://kin.naver.com/qna/detail.nhn?d1id=6&dirId=602060201&docId=47165036&qb=7ZWc6rWt7KGw7Y+Q6rO17IKs&enc=utf8&section=kin.qna&rank=42&search_sort=0&spq=0,한국조폐공사사장의딸 이름은정확히알지못하지만 토막살인사건이 있었다고 하던데 백원짜리엔 딸의머리 오백원짜리엔 학의다리에 손 천원짜리엔 min 적혀있어요 만원짜리는 아직잘 모르겠는데 오천원짜리는 ,,,,,kin
242,42,대구에서 대전한국조폐공사가는 방법,,https://kin.naver.com/qna/detail.nhn?d1id=9&dirId=90111&docId=74467110&qb=7ZWc6rWt7KGw7Y+Q6rO17IKs&enc=utf8&section=kin.qna&rank=43&search_sort=0&spq=0,대전시 유성구 가정동에 위치한 한국조폐공사에 찾아가려고 합니다 대구에서 가는 가장 효율적인 방법이 뭔지 알려주세요 버스를 탈 경우 대구 어디 터미널에서 타야 하는지 또 어디서 내려야 좋은지대전에 터미널이 두 개 있다고 ,,,,,kin
243,43,한국조폐공사에 자신의 얼굴을 나오게해달라고 간절히 ,,https://kin.naver.com/qna/detail.nhn?d1id=8&dirId=80702&docId=51007769&qb=7ZWc6rWt7KGw7Y+Q6rO17IKs&enc=utf8&section=kin.qna&rank=44&search_sort=0&spq=0,한국조폐공사에 가서 얼마가 들든지 간절하게 해달라고 빌면 들어줄까요 참말로 정말 궁금하군요 지폐에 내얼굴 나오다 답변 부탁드림니다  ,,,,,kin
244,44,한국조폐공사에 대해서,,https://kin.naver.com/qna/detail.nhn?d1id=6&dirId=61301&docId=125300209&qb=7ZWc6rWt7KGw7Y+Q6rO17IKs&enc=utf8&section=kin.qna&rank=45&search_sort=0&spq=0,한국조폐공사가 대전에 본부가잇고 경산 논산에도 있던데 각각 하는역할이 뭔가요  안녕하세요 대전에는 본사 경산에는 조폐창이 있습니다,,,,,kin
245,45,경상북도 경산시에 있던 한국조폐공사 위치좀 알수 ,,https://kin.naver.com/qna/detail.nhn?d1id=12&dirId=121101&docId=20282683&qb=7ZWc6rWt7KGw7Y+Q6rO17IKs&enc=utf8&section=kin.qna&rank=46&search_sort=0&spq=0,경상북도 경산시에 있던 한국조폐공사 위치를 알수 있을까요 영남대학교 본관 뒷편쪽으로 도로가 나 있습니다 도로 건너 편으로 경산조폐창입니다 경산에서 자인쪽으로 가다가 경산 법원을 조금 지나서 왼쪽으로 작은 도로가 나 ,,,,,kin
246,46,한국조폐공사 vs ktampg  둘다 고졸 ,,https://kin.naver.com/qna/detail.nhn?d1id=6&dirId=6130102&docId=284918617&qb=7ZWc6rWt7KGw7Y+Q6rO17IKs&enc=utf8&section=kin.qna&rank=47&search_sort=0&spq=0,님들은 어디가 더 좋다고 생각하시나요 한국 조폐공사가 신의 직장이라고 봅니다비교해봐도 ,,,,,kin
247,47,금융통화위원회→정부의승인→한국조폐공사 화폐제조 ,,https://kin.naver.com/qna/detail.nhn?d1id=4&dirId=401&docId=303376446&qb=7ZWc6rWt7KGw7Y+Q6rO17IKs&enc=utf8&section=kin.qna&rank=48&search_sort=0&spq=0,한국은행 주화 발행 절차 금융통화위원회→정부의승인→한국조폐공사 화폐제조 이때말하는 정부가 무엇을 가리키는지 알려주세요 한국은행법 제49조 및 제53조 제2항에 의거 한국은행은 정부의 승인을 거쳐 금융통화위원회가 정하는 ,,,,,kin
248,48,고졸전용으로한국조폐공사들어갈려면꼭내신3등급받아 ,,https://kin.naver.com/qna/detail.nhn?d1id=6&dirId=6130106&docId=339045557&qb=7ZWc6rWt7KGw7Y+Q6rO17IKs&enc=utf8&section=kin.qna&rank=49&search_sort=0&spq=0,다른방법잇으면좀알려두세여  은행원 실적 경쟁과 영업의 비밀 그 비밀스러운 이야기 httpnavermexHHELqwl    서울대 경제학과 출신 연봉 1억 35살 언니  1년에 신용카드 100개 팔아요 고등학교 특별채용으로 연봉 3000만원 20살 ,,,,,kin
249,49,한국조폐공사한국금거래소,,https://kin.naver.com/qna/detail.nhn?d1id=4&dirId=40102&docId=265391188&qb=7ZWc6rWt7KGw7Y+Q6rO17IKs&enc=utf8&section=kin.qna&rank=50&search_sort=0&spq=0,한국금거래소홈페이지에서 가격좀 보고있는데요 1000g이 가격이더라구요 하나는 조폐공사꺼라든데 둘이 다를건가요 가격차이가 꽤 나길 다른건가해서요 안녕하세요 ◐깊은샘◑ 입니다 반갑습니다 금거래소는 여러군데 있습니다 ,,,,,kin
250,50,한국조폐공사 고졸 전형에 필요한 자격증,,https://kin.naver.com/qna/detail.nhn?d1id=6&dirId=614&docId=274945641&qb=7ZWc6rWt7KGw7Y+Q6rO17IKs&enc=utf8&section=kin.qna&rank=51&search_sort=0&spq=0,한국조페공사 고졸 전형에 필요한 자격증은 뭐가 있나요 안녕하세요 각종 국가공인자격에 관한 모든 정보가 모여 있는 세상의 모든 시험 세모시 카페를 운영 중인 매니저입니다 공사에서 좋아하는 자격증으로는 정보처리기능사 ,,,,,kin
251,51,한국조폐공사에서 판매한 주화및메달 처리방법 없나요,,https://kin.naver.com/qna/detail.nhn?d1id=6&dirId=6130106&docId=271797298&qb=7ZWc6rWt7KGw7Y+Q6rO17IKs&enc=utf8&section=kin.qna&rank=52&search_sort=0&spq=0,한국조폐공사에서 판매한 주화및메달 처리방법 없나요  중고싸이트에 경매로 내놓으시면 됩니다 이번에 황규완 기념 시계도 20만원에 올라와 있거든요,,,,,kin
252,52,한국조폐공사 자소서 마감일까지 작성가능할까요  ㅠㅠ,,https://kin.naver.com/qna/detail.nhn?d1id=4&dirId=410&docId=374071611&qb=7ZWc6rWt7KGw7Y+Q6rO17IKs&enc=utf8&section=kin.qna&rank=53&search_sort=0&spq=0,한국조폐공사 자소서 이번 주말까진데 아직 작성이 안돼서 한국조폐공사 자소서 컨설팅 한번 받아보려고 하는데 한국조폐공사 자소서 작성 도와줄 수 있는 학원 있을까요 한국조폐공사 자소서 제출일이 이번주 주말이죠  제출일까지 ,,,,,kin
253,53,한국조폐공사가 가정동에 위치하는 이유는요,,https://kin.naver.com/qna/detail.nhn?d1id=12&dirId=12060601&docId=20553209&qb=7ZWc6rWt7KGw7Y+Q6rO17IKs&enc=utf8&section=kin.qna&rank=54&search_sort=0&spq=0,어떤 이유들이 있어요 한국조폐공사는 돈을 만드는 곳이 아니라 연구소입니다 그 곳에 연구 단지가 위치해 있기 때문에 한국조폐공사가 가정동에 있는 것입니다 좋은 하루 되세요 ,,,,,kin
254,54,한국조폐공사 지폐,,https://kin.naver.com/qna/detail.nhn?d1id=4&dirId=40107&docId=238336335&qb=7ZWc6rWt7KGw7Y+Q6rO17IKs&enc=utf8&section=kin.qna&rank=55&search_sort=0&spq=0,조폐공사직원이나 임원급사람이 지폐가 두장이 연결되어진거 예를들어 50000원짜리 두장이 절단되어있지않고 연결되어있는데 그걸 지인이 조폐공사임원으로부터 받아서 자기가 짤라서 쓰면되는거라고 하는데 그게 가능한가요  현재 ,,,,,kin
255,55,한국조폐공사 지원하는데 자소서 충고 및 첨삭 ,,https://kin.naver.com/qna/detail.nhn?d1id=11&dirId=1121&docId=323289929&qb=7ZWc6rWt7KGw7Y+Q6rO17IKs&enc=utf8&section=kin.qna&rank=56&search_sort=0&spq=0,3년내 가장 어려웠던 경험과 그것을 극복한 과정과 결과 10월의 중국여행 중 백두산을 등정하는 데에 있어 정신적 어려움을 겪은 경험이 있습니다 교내 중국여행 중 백두산을 등정하여 천지를 보고 오는 일정이 있었습니다 하지만 ,,,,,kin
256,56,오래된 한국조폐공사 어음인데 값어치가 얼마나 되나요,,https://kin.naver.com/qna/detail.nhn?d1id=4&dirId=40102&docId=293610958&qb=7ZWc6rWt7KGw7Y+Q6rO17IKs&enc=utf8&section=kin.qna&rank=57&search_sort=0&spq=0,정확히 무엇이고 값어치가 얼마나 될까요 한국은행 생기기 전에 발행한 어음같은데요 수십장이 집에 있어요 안녕하세요 ◐깊은샘◑ 입니다 반갑습니다 이것은 어음이 아니고 건국국채구요 5 이자의 건국국채입니다 즉 국가에서 ,,,,,kin
257,57,서울고속버스터미널에서 대전에 있는 한국조폐공사 ,,https://kin.naver.com/qna/detail.nhn?d1id=8&dirId=81202&docId=29044564&qb=7ZWc6rWt7KGw7Y+Q6rO17IKs&enc=utf8&section=kin.qna&rank=58&search_sort=0&spq=0,서울고속버스터미널에서 대전에 있는 한국조폐공사 화폐박물관에 가려는데 보니까 대전에도 여러 고속버스 터미널이 있더라구요 대전고속버스터미널 유성고속버스터미널 대전청사고속버스터미널등이 있는데 여기서 어디가 ,,,,,kin
258,58,동사무소나 한국조폐공사 근무 하시는분여,,https://kin.naver.com/qna/detail.nhn?d1id=6&dirId=61401&docId=60952826&qb=7ZWc6rWt7KGw7Y+Q6rO17IKs&enc=utf8&section=kin.qna&rank=59&search_sort=0&spq=0,한국조폐공사서 주민등록증 만들때여 철저하게 확인하고 만들죠 다름아니라 다른사람이 자기 사진 가지고 제 이름으로 주민등록증 재발급 신청하면여 솔직히 사진하고 신청한사람하고 같은니까 모르잖아여 조폐공사서는 ,,,,,kin
259,59,한국조폐공사에서 다른나라 화폐도 찍어내나요,,https://kin.naver.com/qna/detail.nhn?d1id=4&dirId=408&docId=281063049&qb=7ZWc6rWt7KGw7Y+Q6rO17IKs&enc=utf8&section=kin.qna&rank=60&search_sort=0&spq=0,우리나라 지폐만드는 기술이 뛰어나서 다른 나라에서 주문해서 찍어내는 그런 화폐가 있나요 어디서 그런얘기를 들은적이 있는것 같아서요 조폐공사도 5만원권의 도입과 또 이로 인한 수표발행의 량이 대폭 감소됨에 따라 ,,,,,kin
260,60,한국조폐공사50주년기념메달,,https://kin.naver.com/qna/detail.nhn?d1id=8&dirId=80601&docId=234337013&qb=7ZWc6rWt7KGw7Y+Q6rO17IKs&enc=utf8&section=kin.qna&rank=61&search_sort=0&spq=0,감정가는 어떻게 될가요 원하시면 분양해드립니다 소재  은999 직경  40mm 무게  311g 표면처리  프루프 조폐공사 창립50주년 미인도 기념메달은 상태가 좋은 경우 약 13만원 선에서 거래가됩니다 네이버내의 ,,,,,kin
261,61,한국조폐공사 면접 학원같은곳있나요,,https://kin.naver.com/qna/detail.nhn?d1id=11&dirId=110704&docId=362161830&qb=7ZWc6rWt7KGw7Y+Q6rO17IKs&enc=utf8&section=kin.qna&rank=62&search_sort=0&spq=0,한국조폐공사 면접 대비학원 아라보는데요 면접경험이 면접내용관련으로 한국조폐공사 면접을 좀 전문적으로 한국조폐공사 면접교육 관련 질문 올려주셨네요 한국조폐공사 및 대기업공기업일반기업 면접 ,,,,,kin
262,62,한국조폐공사에서 일하는 직원이 몰래 정말 몰래 돈을 ,,https://kin.naver.com/qna/detail.nhn?d1id=4&dirId=401&docId=34264526&qb=7ZWc6rWt7KGw7Y+Q6rO17IKs&enc=utf8&section=kin.qna&rank=63&search_sort=0&spq=0,네 먼저 돈을 만드는 전 과정은 정밀한 감시카메라로 작은 동작 하나하나까지 전부 녹화되어 분석됩니다 은행의 CCTV같은 장난감하고는 수준이 틀립니다 의심받을 만한 행위를 하면 즉시 돈의 수량을 확인하고 이상이 있으면 수색에 ,,,,,kin
263,63,한국조폐공사에 대해 자세히 알려주실,,https://kin.naver.com/qna/detail.nhn?d1id=1&dirId=107&docId=307739221&qb=7ZWc6rWt7KGw7Y+Q6rO17IKs&enc=utf8&section=kin.qna&rank=64&search_sort=0&spq=0,한국조폐공사에 대해 자세히 알려주실 분 찾습니다 1 한국조폐공사에 어떤 분야가 있나요 2 한국조폐공사에 한국조폐공사이하 조폐공사는 본사 ID본부 제지본부 화폐본부 영업개발단으로 구성이 되어 있습니다 본사는 ,,,,,kin
264,64,한국 조폐공사 주소좀요,,https://kin.naver.com/qna/detail.nhn?d1id=4&dirId=401&docId=33948777&qb=7ZWc6rWt7KGw7Y+Q6rO17IKs&enc=utf8&section=kin.qna&rank=65&search_sort=0&spq=0,_궁금합니다  검색에서 키면 나오던데,,,,,kin
265,65,한국조폐공사 제조,,https://kin.naver.com/qna/detail.nhn?d1id=6&dirId=613&docId=61561064&qb=7ZWc6rWt7KGw7Y+Q6rO17IKs&enc=utf8&section=kin.qna&rank=66&search_sort=0&spq=0,2005년에 제조 하였으며 주화에는 ltDDay 10090807060403020987654321gt 것이 써있다 이 주화의 가치는 얼마인가  문장을 쓰다가 마신것 같네요 완성된 문장을 알려주세요 ㅡㅡ,,,,,kin
266,66,이건 무슨 동전인가요 한국조폐공사,,https://kin.naver.com/qna/detail.nhn?d1id=8&dirId=80601&docId=215665223&qb=7ZWc6rWt7KGw7Y+Q6rO17IKs&enc=utf8&section=kin.qna&rank=67&search_sort=0&spq=0,이건 무슨 동전인가요 가치가 있는 동전 인가요  조폐공사에서 발행한 매달인것 같습니다,,,,,kin
267,67,한국조폐공사에서 판매하는 2020년,,https://kin.naver.com/qna/detail.nhn?d1id=8&dirId=81302&docId=354840472&qb=7ZWc6rWt7KGw7Y+Q6rO17IKs&enc=utf8&section=kin.qna&rank=68&search_sort=0&spq=0,한국조폐공사에서 판매하는 2020년 기념주화 살려고 회원가입하고 구매하기 창에서 2시간씩 계속 기다렸는대 로그인이 되어있는 상태인대도 회원만 구입할 수 있다고 뜹니다 어떻게 해야하나요  https ,,,,,kin
268,68,한국조폐공사에서 진행하는 옥션 경매가 2차 ,,https://kin.naver.com/qna/detail.nhn?d1id=5&dirId=511&docId=21707518&qb=7ZWc6rWt7KGw7Y+Q6rO17IKs&enc=utf8&section=kin.qna&rank=69&search_sort=0&spq=0,옥션에서 하는 건 확실한데 ㅠㅠ 1차는 아래 주소에서 했었거든요 httpeventauctioncokrevent20060119_new5000wonindexasp 2차도 이런 주소가 있을 거 같은데 옥션 사이트에서는 아무리 봐도 모르겠고 ,,,,,kin
269,69,청소년증 문자,,https://kin.naver.com/qna/detail.nhn?d1id=6&dirId=6010102&docId=383850285&qb=7ZWc6rWt7KGw7Y+Q6rO17IKs&enc=utf8&section=kin.qna&rank=70&search_sort=0&spq=0, 5일 후 수령가능  한국조폐공사 이렇게 왔는데 이미 시군구 주민센터에 도착했다는건가요 아니라면 5일후 5일 후 수령가능  한국조폐공사 이렇게 왔는데 이미 시군구 주민센터에 도착했다는건가요 아니라면 5일후 ,,,,,kin
270,70,한국조폐공사 실버바를 구매하고 싶은데,,https://kin.naver.com/qna/detail.nhn?d1id=5&dirId=50403&docId=330834755&qb=7ZWc6rWt7KGw7Y+Q6rO17IKs&enc=utf8&section=kin.qna&rank=71&search_sort=0&spq=0,한국조폐공사 실버바를 구매하고 싶은데 종로구 내 점포 중 어디에 아직 재고가 있나요 실버바 구매는 투자목적이시면 구매하지마세요 8년전 은값 요통친 이후 계속 하락세입니다 ,,,,,kin
271,71,한국조폐공사 골드바 판매처와 금시세,,https://kin.naver.com/qna/detail.nhn?d1id=5&dirId=506&docId=197749424&qb=7ZWc6rWt7KGw7Y+Q6rO17IKs&enc=utf8&section=kin.qna&rank=72&search_sort=0&spq=0,그냥 골드바 말고 한국조폐공사에서 인증해주는 골드바가 있다는데 판매는 어디서하나요 그리고 금시세가 낮아진거 한국금거래소쓰리엠은 9999의 금순도를한국조폐공사로 부터 인정받아 공신력을 인정 받았어요또한 2014년 ,,,,,kin
272,72,한국 조폐공사,,https://kin.naver.com/qna/detail.nhn?d1id=4&dirId=40602&docId=297904829&qb=7ZWc6rWt7KGw7Y+Q6rO17IKs&enc=utf8&section=kin.qna&rank=73&search_sort=0&spq=0,현재 인문계 고등학교 다니고있는 고등학교 1학년 학생입니다 제 장래희망이 한국 조폐공사이 취직 하는 것인데요 한국 조폐공사를 가기위해서 필요한것들이 뭐가있을까요 ex내신이 n등급 안에 들어야한다 무슨 무슨자격증이 ,,,,,kin
273,73,한국조폐공사에서 발행하는돈은 무한정찍어낼수있나요,,https://kin.naver.com/qna/detail.nhn?d1id=6&dirId=6130106&docId=335908181&qb=7ZWc6rWt7KGw7Y+Q6rO17IKs&enc=utf8&section=kin.qna&rank=74&search_sort=0&spq=0,한국조폐공사에서 발행하는돈은 무한정찍어낼수있나요 무한정 찍어내면 나라 망해요 ,,,,,kin
275,75,화폐가 사라지면 한국조폐공사는 사라질까요 혹시 ,,https://kin.naver.com/qna/detail.nhn?d1id=4&dirId=40102&docId=292120769&qb=7ZWc6rWt7KGw7Y+Q6rO17IKs&enc=utf8&section=kin.qna&rank=76&search_sort=0&spq=0,말그대로 화폐가 사라지면 한국조폐공사는 사라질까요 혹시 사라지지 않는다면 어떤 일을 할까요 자세한 답변 즉화폐가없을때물물교환이있을껍니다한국조폐공사는물물교환을해결할화페를만드는연구실같은것이되겠네요 ,,,,,kin
276,76,1963년 종이 인데 뭔지 알려주세요,,https://kin.naver.com/qna/detail.nhn?d1id=6&dirId=6130106&docId=381787629&qb=7ZWc6rWt7KGw7Y+Q6rO17IKs&enc=utf8&section=kin.qna&rank=77&search_sort=0&spq=0,한국조폐공사 에서 발행 된 것 같은데 집에 있어서요 이게 뭔지 알 수 있을까요 종이증권인지 뭔지 알 수 없어서요 국가에서 발행하는 채권입니다 국가가 발행하고 일정한 기간이 지나면 국가에서 지불하는 증서입니다 요즘도 ,,,,,kin
277,77,한국조폐공사대구도시철도 NCS,,https://kin.naver.com/qna/detail.nhn?d1id=4&dirId=40612&docId=294953308&qb=7ZWc6rWt7KGw7Y+Q6rO17IKs&enc=utf8&section=kin.qna&rank=78&search_sort=0&spq=0,NCS로 고졸채용하고싶은데 한국조폐공사 와 대구도시철도 취업하고싶은데 어떤부분을 공부하고 문제집사야하나요 조폐공사는 커트 라인이 많이 높습니다 거의 한 학교에서 30명이 서류 내면 1명 붙을 정도로 서류커트 심해요 공부 ,,,,,kin
278,78,기업의 업무형태가 뭐죠,,https://kin.naver.com/qna/detail.nhn?d1id=4&dirId=406&docId=347160699&qb=7ZWc6rWt7KGw7Y+Q6rO17IKs&enc=utf8&section=kin.qna&rank=79&search_sort=0&spq=0,한국도로공사 한국조폐공사 한국남동발전 각각의 기업의 업무형태가 뭔가요 한국도로공사 한국조폐공사 한국남동발전 같이 님이 질문하신 공사의 한국도로공사 한국조폐공사 한국남동발전과 같은 곳들의 기업형태는 공기업 ,,,,,kin
279,79,공기업 한국사 유효기간,,https://kin.naver.com/qna/detail.nhn?d1id=4&dirId=406&docId=366598147&qb=7ZWc6rWt7KGw7Y+Q6rO17IKs&enc=utf8&section=kin.qna&rank=80&search_sort=0&spq=0,한국조폐공사 한국사회적기업진흥원 중소기업은행 한국산업은행 한국재정정보원 한국체육산업개발 한국조폐공사 한국사회적기업진흥원 중소기업은행 한국산업은행 한국재정정보원 한국체육산업개발 국민체육진흥공단 ,,,,,kin
280,80,청소년증 발급일,,https://kin.naver.com/qna/detail.nhn?d1id=6&dirId=6130106&docId=341162831&qb=7ZWc6rWt7KGw7Y+Q6rO17IKs&enc=utf8&section=kin.qna&rank=81&search_sort=0&spq=0, 오늘 한국조폐공사에서 접수되었다고 문자가 왔는데 청소년증 받으면 아님 한국조폐공사 접수 날짜 인가요 안녕하세요 서울생활 행복도우미 되거나 한국조폐공사 접수일이 기재되는 것으로 확인됩니다 ▶ 정확한 사항은 ,,,,,kin
281,81,청소년증 발급지연,,https://kin.naver.com/qna/detail.nhn?d1id=6&dirId=6010102&docId=381905010&qb=7ZWc6rWt7KGw7Y+Q6rO17IKs&enc=utf8&section=kin.qna&rank=82&search_sort=0&spq=0,1월 3일에 주민센터에 방문해서 청소년증 발급을 신청했는데 한국조폐공사 사이트에 조회해보니까 1월15일 발송으로 뜨네요 동사무소에 전화해보니 시청에서 아직 동사무소로 전달이 안되었다는데 어떻게 해야하나요 그냥 기다려야 ,,,,,kin
282,82,금 투자 질문,,https://kin.naver.com/qna/detail.nhn?d1id=4&dirId=40102&docId=380944547&qb=7ZWc6rWt7KGw7Y+Q6rO17IKs&enc=utf8&section=kin.qna&rank=83&search_sort=0&spq=0,1금을 한국금거래소나 한국은거래소한국조폐공사한국표준금거래소같은곳에서 사도되나요 21번과 같이 금을 10그램을 산다고 치면 10그램 1개를 사는게 나을까요 아니면 1그램을 10개 1번에 적혀있는 거래소에서 섞어서 ,,,,,kin
283,83,골드바 살때 드는 모든 비용을 알고 싶습니다,,https://kin.naver.com/qna/detail.nhn?d1id=4&dirId=40102&docId=384055682&qb=7ZWc6rWt7KGw7Y+Q6rO17IKs&enc=utf8&section=kin.qna&rank=84&search_sort=0&spq=0, 금거래소나 한국조폐공사에서 구매할때 골드바 자체 금액  부가가치세  수수료등등 어떤 것들이 있나요  최근 어려운 경제 환경에서 조금이나마 소통하며 도움을 드리고자 주식무료 리딩 지원해드리고 있습니다 ,,,,,kin
284,84,주민등록증에 넣을 사진 찍은 다음 절차,,https://kin.naver.com/qna/detail.nhn?d1id=6&dirId=6010102&docId=383617927&qb=7ZWc6rWt7KGw7Y+Q6rO17IKs&enc=utf8&section=kin.qna&rank=85&search_sort=0&spq=0, 다만 주민등록증은 동 행정복지센터에서 제작하는 것이 아니라 취합해서 이를 한국조폐공사에서 제작해서 보내는 것이기에 행정복지센터 담당자는 사진을 스캐너로 스캔한 다음 이를 전송하게 됩니다그래서 간혹 사진을 ,,,,,kin
285,85,한국조폐공사 전기 기술직은 무슨일을 하나요,,https://kin.naver.com/qna/detail.nhn?d1id=6&dirId=61401&docId=284600346&qb=7ZWc6rWt7KGw7Y+Q6rO17IKs&enc=utf8&section=kin.qna&rank=86&search_sort=0&spq=0,이번에 한국조폐공사 전기 기술직에 지원하려는 학생입니다 그런데 정확히 무슨일을 하는지 모르겠어요 혹시 알고 계신분 있다면 자세히 알려주시면 감사하겠습니다 화폐 만드는 기계가 잘 돌아가도록 전기를 관리하는 일입니다 제어 ,,,,,kin
286,86,옛날 화폐가치및 가격문의,,https://kin.naver.com/qna/detail.nhn?d1id=4&dirId=410&docId=378902818&qb=7ZWc6rWt7KGw7Y+Q6rO17IKs&enc=utf8&section=kin.qna&rank=87&search_sort=0&spq=0,사진으로 보시면 아시겠지만 50전 지폐 1장 1952년 한국조폐공사 발행 번호 1번 100원주화 2개 광복30주년 기념발행주화 답변주시면 감사합니다  안녕하세요 수집부문 초대 파워지식인 입니다 오직 화폐 우표 수집이 전문가로 ,,,,,kin
287,87,청소년증 발급 기간,,https://kin.naver.com/qna/detail.nhn?d1id=6&dirId=6010102&docId=336104759&qb=7ZWc6rWt7KGw7Y+Q6rO17IKs&enc=utf8&section=kin.qna&rank=88&search_sort=0&spq=0,오늘로 청소년증 발급한지 거의 5주 째인데요ㅠ 한참 전에 한국조폐공사에 접수 됬다고 부모님 핸드폰으로 문자 청소년증 발급 기간 오늘로 청소년증 발급한지 거의 5주 째인데요ㅠ 한참 전에 한국조폐공사에 접수 됬다고 부모님 ,,,,,kin
288,88,당백전을 발행하면 재정이 확충되는 이유,,https://kin.naver.com/qna/detail.nhn?d1id=11&dirId=111003&docId=384362106&qb=7ZWc6rWt7KGw7Y+Q6rO17IKs&enc=utf8&section=kin.qna&rank=89&search_sort=0&spq=0, 오늘날로 치자면 대통령이 돈이 없어서 돈을 만드는 한국조폐공사에게 명령해 수십억원의 돈을 찍어낸 뒤 그걸 청와대 건물 짓는데 사용한 거에요 허나 당연히 시중에 많은 돈이 풀리게 되면 그만큼 화폐 가치가 떨어지고 물가가 ,,,,,kin
289,89,민간인이 정부기업 인수,,https://kin.naver.com/qna/detail.nhn?d1id=6&dirId=61401&docId=358297631&qb=7ZWc6rWt7KGw7Y+Q6rO17IKs&enc=utf8&section=kin.qna&rank=90&search_sort=0&spq=0,민간인이 정부기업을 인수할수 있나요 예를 들어 한국조폐공사 같은거요  한국조폐공사 같이 나라를 좌지우지 하는 기업은 무조건 국영입니다,,,,,kin
290,90,금거래소에대해 알고 싶습니다,,https://kin.naver.com/qna/detail.nhn?d1id=4&dirId=40102&docId=333840446&qb=7ZWc6rWt7KGw7Y+Q6rO17IKs&enc=utf8&section=kin.qna&rank=91&search_sort=0&spq=0, 제가 아는 금거래서는 한국금거래소 한국표준금거래소 한국조폐공사 이렇게 3개정도가 되는데 이중에서 가장 제가 아는 금거래서는 한국금거래소 한국표준금거래소 한국조폐공사 이렇게 3개정도가 되는데 이중에서 가장 ,,,,,kin
291,91,품질경영기사 우대해주는 공기업 있나요,,https://kin.naver.com/qna/detail.nhn?d1id=11&dirId=110501&docId=382808267&qb=7ZWc6rWt7KGw7Y+Q6rO17IKs&enc=utf8&section=kin.qna&rank=92&search_sort=0&spq=0, 1 직무에 사용되는 경우 한국조폐공사가 해당됩니다 품질경영기사는 품질관리 혹은 생산관리 직무에 관련된 공기업에서 어떤 제품을 생산하는 곳은 한국조폐공사 뿐입니다 2 서류전형 가산점 한국지역난방공사 ,,,,,kin
292,92,청소년증 발급기간,,https://kin.naver.com/qna/detail.nhn?d1id=6&dirId=6100105&docId=379598143&qb=7ZWc6rWt7KGw7Y+Q6rO17IKs&enc=utf8&section=kin.qna&rank=93&search_sort=0&spq=0, 그리고 한국조폐공사 에서 접수되었다는 문자는 못받았습니다 접수해주시는 분이 계속 실수하시더라고요 주소며 이름이며 결국 몇십분동안 있다가 되긴했는데 그분이 제대로 신청한게 맞는걸까요 원래 한달이 넘게걸리나요 ,,,,,kin
293,93,청소년증 발급,,https://kin.naver.com/qna/detail.nhn?d1id=6&dirId=6010102&docId=327077626&qb=7ZWc6rWt7KGw7Y+Q6rO17IKs&enc=utf8&section=kin.qna&rank=94&search_sort=0&spq=0,청소년증 발급 신청해서 3월 5일 한국조폐공사에 접수되었다고 문자가 왔는데 있는 한국조폐공사에서 전국의 것을 일괄하여 하게 됩니다 2 주민센터에 제출한 청소년증발급신청에 대하여 3월 5일에 한국조폐공사로 ,,,,,kin
294,94,청소년증 질문,,https://kin.naver.com/qna/detail.nhn?d1id=6&dirId=6100105&docId=376468775&qb=7ZWc6rWt7KGw7Y+Q6rO17IKs&enc=utf8&section=kin.qna&rank=95&search_sort=0&spq=0,청소년증을 발급했는데요 한국조폐공사 사이트에서 발급 조회를 했는데 오늘 막 자료구축 상태더라구요 오늘 자료구축 되었으면 언제쯤 나올까요 아마 2주 이내로 나올 겁니다 오늘 하루 행복하세요 ,,,,,kin
295,95,충남대 전자공학과와 부산대 나노메카트로닉스공학과 ,,https://kin.naver.com/qna/detail.nhn?d1id=11&dirId=1126&docId=383311334&qb=7ZWc6rWt7KGw7Y+Q6rO17IKs&enc=utf8&section=kin.qna&rank=96&search_sort=0&spq=0, 코레일테크 한국조폐공사 국방과학연구소 한국가스기술공사 중소기업기술정보진흥원 한국산학연협회 한국특허정보원 한국수자원공사 가축위생방역지원본부 농림수산식품교육문화정보원 축산물품질평가원 ,,,,,kin
296,96,조폐공사 채용 질문,,https://kin.naver.com/qna/detail.nhn?d1id=4&dirId=406&docId=383365689&qb=7ZWc6rWt7KGw7Y+Q6rO17IKs&enc=utf8&section=kin.qna&rank=97&search_sort=0&spq=0, 한국조폐공사의 NCS직업기초능력평가 평가영역은 의사소통 문제해결 수리 자원관리 총 4가지 영역에서 출제되며 총 80문항 100분 정도의 시험으로 진행됩니다 2 조폐공사 NCS의 난이도는 중상입니다 NCS 필기전형의 ,,,,,kin
297,97,2001년 한국조폐공사제조 화폐박물관 방문기념 ,,https://kin.naver.com/qna/detail.nhn?d1id=8&dirId=80601&docId=166247693&qb=7ZWc6rWt7KGw7Y+Q6rO17IKs&enc=utf8&section=kin.qna&rank=98&search_sort=0&spq=0,한국조폐공사 제조 2001년 화폐박물관 방문기념 증정용 유통주화세트의 가치가 알고싶습니다 2001년 한국은행 민트세트는 15만정도에 거래가 되고 있는데 제가 가진것은 찾아봐도 잘 없더라구요 사진을 첨부하니 대략적인 가치라도 ,,,,,kin
298,98,공사 입사 자격,,https://kin.naver.com/qna/detail.nhn?d1id=4&dirId=40612&docId=296164165&qb=7ZWc6rWt7KGw7Y+Q6rO17IKs&enc=utf8&section=kin.qna&rank=99&search_sort=0&spq=0,한국 조폐 공사에 들어가려면 어떤 방법과 자격이 필요한가요 한국조폐공사는 공기업이므로 NCS에 기반하여 채용을 진행하며 ▶ 한국조폐공사 합격자 스펙 합격자소서 인적성면접 후기 ▶ 한국조폐공사 2017년 하반기 신입직원 ,,,,,kin
299,99,한국표준금거래소,,https://kin.naver.com/qna/detail.nhn?d1id=4&dirId=40501&docId=364205421&qb=7ZWc6rWt7KGw7Y+Q6rO17IKs&enc=utf8&section=kin.qna&rank=100&search_sort=0&spq=0,한국표준금거래소 에서 파는 ls니꼬 골드바 오롯골드바 는 ls니꼬랑 한국조폐공사에서 정식으로 인증된 제품인가요 그리고 골드바 팔때 2015년도 2019년도 골드바 재품 동일한 가격에 팔리나요 아니면 최신 제품이 더비싼가요 표준 ,,,,,kin
